city,votes,אמת,ג,ודעם,ז,זך,זץ,טב,י,יז,יך,יץ,כ,ל,מחל,מרצ,נז,ני,נץ,ע,פה,ף,ףץ,קנ,קץ,רק,שס
,232681,41202,6268,7299,49,18,48,28840,41,19,0,48,20490,9302,59681,10618,119,45,50,517,21885,101,153,8472,6758,311,10347
אבו ג'ווייעד (שבט,306,39,0,242,0,0,0,0,0,0,0,0,1,0,3,8,0,0,0,8,1,0,1,0,1,0,2
אבו גוש,2506,143,4,2114,0,3,0,10,1,0,0,2,21,5,58,41,0,0,1,41,14,0,4,2,5,2,35
אבו סנאן,5746,299,3,3802,0,0,0,10,1,0,0,6,158,799,255,66,3,1,2,47,41,1,5,11,21,2,213
אבו עבדון (שבט),36,0,0,35,0,0,0,0,0,0,0,0,0,0,0,0,0,0,0,1,0,0,0,0,0,0,0
אבו קורינאת (שבט),752,84,3,564,1,1,0,2,3,2,0,1,5,1,8,6,0,0,1,23,25,1,1,3,4,5,8
אבו קרינאת (יישוב,64,4,0,50,0,0,0,1,0,0,0,1,0,0,0,0,0,0,0,1,4,0,0,0,1,0,2
אבו רובייעה (שבט),705,54,1,536,0,0,1,0,0,0,0,2,1,0,10,9,0,1,0,35,29,1,2,1,6,0,16
אבו רוקייק (שבט),1261,31,1,1112,1,0,0,3,0,0,0,6,3,1,7,30,0,1,2,45,2,1,1,3,2,1,8
אבטין,792,50,0,700,0,0,0,0,1,0,0,1,7,0,7,7,0,0,0,11,3,0,0,0,0,0,5
אבטליון,187,89,0,2,0,0,0,10,0,0,0,0,16,1,23,25,0,0,0,0,16,0,0,5,0,0,0
אביאל,413,153,1,0,0,0,0,10,0,0,0,0,53,3,88,41,0,0,0,0,58,0,0,5,1,0,0
אביבים,228,6,4,0,0,0,0,13,0,0,0,0,18,2,140,0,0,0,0,0,1,0,0,3,1,0,40
אביגדור,475,254,0,0,0,0,0,19,0,0,0,0,28,3,45,34,0,0,0,0,80,0,0,5,0,0,7
אביחיל,732,380,1,1,0,0,1,24,0,0,0,0,36,2,77,71,0,0,0,0,128,0,0,5,1,2,3
אביטל,288,16,0,0,0,0,0,23,0,0,0,0,29,1,176,1,0,0,0,0,5,0,0,2,19,0,16
אביעזר,406,81,4,3,0,0,0,46,0,0,0,0,28,13,130,25,0,0,0,0,52,0,0,2,10,1,11
אבירים,122,48,0,3,0,0,0,0,0,0,0,0,6,1,9,34,0,0,0,0,12,0,0,4,1,0,4
אבן יהודה,7249,2739,37,9,0,1,3,304,0,0,0,0,629,66,1376,482,3,1,1,2,1340,2,4,80,53,5,112
אבן מנחם,198,28,2,0,0,0,0,6,0,0,0,0,12,3,92,0,0,0,0,0,19,0,0,4,1,0,31
אבן ספיר,379,71,1,0,0,0,0,15,0,0,0,0,47,14,172,15,1,0,0,0,17,0,0,10,2,1,13
אבן שמואל,519,7,6,0,0,0,0,232,0,0,0,0,15,0,116,1,1,0,0,0,2,0,0,2,118,0,19
אבני איתן,285,2,1,0,0,0,0,153,0,0,0,0,10,0,54,2,1,0,1,0,4,0,0,8,49,0,0
אבני חפץ,733,2,0,0,0,0,0,389,0,0,0,0,14,4,147,1,0,0,0,0,0,0,1,2,141,0,32
אבשלום,138,20,2,0,1,0,0,6,0,0,0,0,16,44,29,2,0,0,0,0,9,0,0,8,0,1,0
אדורה,176,24,0,0,0,0,0,57,0,0,0,0,19,3,39,1,0,0,0,0,10,0,0,4,18,0,1
אדירים,160,2,4,0,0,0,0,22,0,0,0,0,7,1,56,0,0,0,0,0,4,0,0,1,4,0,59
אדמית,160,42,0,12,0,0,0,2,0,0,0,0,13,8,11,45,0,0,0,1,10,1,0,13,0,2,0
אדרת,381,12,1,1,0,0,0,78,0,0,0,0,21,10,193,9,3,0,0,0,15,0,0,3,9,0,26
אודים,588,284,1,0,0,0,0,18,0,0,0,0,28,6,67,64,0,0,0,0,106,0,1,8,1,0,4
אודם,80,29,0,0,0,0,0,8,0,0,0,0,8,1,8,5,0,0,0,0,16,0,0,5,0,0,0
אוהד,186,61,0,2,0,0,0,10,0,0,0,0,13,3,59,6,0,0,0,0,21,0,0,2,4,0,5
אום אל-פחם,20321,69,11,19709,3,1,3,5,2,1,0,12,12,6,21,386,2,1,5,38,17,2,3,4,2,2,4
אום אל-קוטוף,519,5,0,477,0,0,0,0,0,0,0,2,0,0,1,27,0,0,0,1,1,0,0,0,0,0,5
אום בטין,589,32,0,473,0,2,0,0,0,0,0,0,30,1,5,4,0,0,3,23,4,0,3,0,2,4,3
אומן,177,21,1,0,0,0,0,11,0,1,0,0,14,24,85,1,0,0,0,0,7,0,0,4,0,0,8
אומץ,351,188,1,0,0,0,0,13,0,0,0,0,15,2,36,21,0,0,0,0,69,0,0,4,1,0,1
אופקים,12453,650,1808,9,1,3,2,730,3,0,0,0,625,1258,3752,66,5,0,4,7,378,8,4,116,569,5,2450
אור הגנוז,125,0,73,0,0,0,0,6,0,0,0,0,2,0,1,0,0,0,0,0,1,0,0,1,8,0,33
אור הנר,443,301,0,0,0,0,0,7,0,0,0,0,19,1,19,46,0,0,0,0,43,0,0,5,1,0,1
אור יהודה,18520,2250,304,10,2,2,9,841,0,2,0,4,2084,622,7509,255,4,4,5,1,1370,3,4,144,401,8,2682
אור עקיבא,9275,577,122,20,1,0,0,473,1,0,0,0,1209,1014,4218,65,2,1,1,0,426,0,5,90,130,7,913
אורה,606,131,2,0,0,0,0,42,0,0,0,0,69,8,197,23,0,0,0,0,63,0,0,15,25,0,31
אורות,320,180,0,0,0,0,0,7,0,0,0,0,24,3,39,29,0,0,0,0,29,0,0,7,0,1,1
אורטל,162,56,0,0,0,0,0,10,0,0,0,0,13,4,17,4,0,0,0,0,45,0,0,10,0,0,3
אורים,256,156,0,1,0,0,0,8,0,0,0,0,19,7,9,38,0,0,0,0,10,0,0,6,2,0,0
אורנית,4651,1003,35,0,0,0,0,678,0,0,0,0,338,75,1214,119,1,0,1,1,1004,0,4,72,57,6,43
אושה,248,171,0,1,0,0,0,5,0,0,0,0,14,3,15,17,0,0,0,0,19,0,0,3,0,0,0
אזור,6466,1407,66,2,0,0,1,364,2,0,0,0,716,254,1994,140,1,0,1,0,794,1,8,79,114,5,517
אחווה,145,62,3,0,0,0,0,6,0,0,0,0,12,3,16,6,0,0,0,0,34,0,0,0,1,0,2
אחוזם,269,6,0,0,0,0,0,20,0,0,0,0,24,2,153,0,0,0,0,0,3,0,0,2,31,0,28
אחוזת ברק,1164,324,2,1,0,1,0,72,0,0,0,0,120,41,358,36,0,0,0,0,185,0,1,8,2,2,11
אחיהוד,446,7,9,0,0,0,0,66,0,0,0,0,23,3,257,2,0,0,0,0,11,0,0,3,34,0,31
אחיטוב,545,147,2,0,0,0,0,35,0,0,0,0,84,4,147,12,1,0,0,0,89,0,0,8,3,1,12
אחיסמך,668,26,14,0,0,0,0,16,0,0,0,0,104,1,319,1,0,0,0,0,13,0,2,1,14,0,157
אחיעזר,848,3,25,0,0,0,0,135,0,0,0,0,45,2,259,2,0,0,0,0,5,0,1,5,52,0,314
אטרש (שבט),450,14,1,251,1,2,1,1,0,0,0,8,60,2,2,7,0,2,1,15,1,0,1,0,3,1,76
איבים,75,4,1,1,0,0,0,3,0,0,0,0,1,3,49,1,0,0,0,0,2,0,0,2,4,1,3
אייל,296,205,0,0,0,0,0,8,0,0,0,0,7,1,14,26,0,0,0,0,27,0,0,6,1,0,1
איילת השחר,718,345,4,1,0,3,0,16,1,0,0,0,44,12,157,57,2,2,0,1,52,2,0,15,0,2,2
אילון,589,216,0,3,0,0,1,19,0,0,0,0,37,8,73,168,1,0,0,0,51,0,0,8,0,0,4
אילות,165,99,0,2,0,0,0,6,0,0,0,0,4,3,14,11,0,0,0,0,22,0,0,3,0,0,1
אילניה,298,89,0,0,0,0,0,24,0,0,0,0,23,4,105,10,0,0,0,0,30,0,0,10,2,0,1
אילת,22829,3881,55,213,3,4,10,1452,7,3,0,1,2572,1276,8039,467,2,5,4,7,2471,5,17,787,498,25,1025
איתמר,398,2,13,0,0,0,0,178,0,0,0,0,0,1,35,0,0,0,0,0,0,0,0,3,162,0,4
איתן,254,1,5,0,0,0,0,10,0,0,0,0,21,0,94,0,0,0,0,0,3,0,0,3,101,0,16
אכסאל,5453,34,3,5184,0,1,0,3,0,2,0,1,4,1,58,60,2,1,2,28,4,0,3,1,0,1,60
אל סייד,167,23,0,110,0,0,0,1,0,0,0,7,10,0,0,2,0,0,0,2,3,0,0,0,0,0,9
אל-עריאן,76,5,0,46,0,0,0,0,0,0,0,0,0,0,0,24,0,0,0,0,0,0,0,0,1,0,0
אל-רום,205,103,0,0,0,0,0,6,0,0,0,0,12,3,14,28,0,0,0,0,24,0,0,14,1,0,0
אלומה,270,0,80,0,0,0,0,1,0,0,0,0,0,0,8,0,0,0,0,1,0,0,0,0,17,0,163
אלומות,177,105,1,0,0,0,0,2,0,0,0,0,11,0,9,21,0,0,0,0,26,0,0,2,0,0,0
אלון הגליל,553,339,0,0,0,0,0,10,0,0,0,0,17,3,25,103,0,0,0,0,53,0,0,3,0,0,0
אלון מורה,751,2,3,1,0,0,0,429,0,0,0,0,4,1,79,0,0,0,0,0,4,0,0,4,219,0,5
אלון שבות,1659,21,10,1,0,0,0,1069,0,0,0,0,25,3,398,6,4,0,0,0,14,0,1,2,102,0,3
אלוני אבא,502,274,1,0,0,0,0,11,1,0,0,0,19,1,35,68,0,0,0,0,86,0,0,2,1,0,3
אלוני הבשן,156,1,0,0,0,0,0,88,0,0,0,0,7,0,44,0,0,0,0,0,2,0,0,0,14,0,0
אלוני יצחק,27,8,0,0,0,0,0,0,0,0,0,0,5,1,6,3,0,0,0,0,4,0,0,0,0,0,0
אלונים,403,260,0,0,0,0,0,7,0,0,0,0,23,3,17,30,0,0,0,0,55,1,0,7,0,0,0
אלי-עד,181,60,0,1,0,0,0,24,0,0,0,0,17,7,11,7,0,0,0,0,31,0,0,19,3,0,1
אליכין,1938,286,43,1,0,0,0,212,0,0,0,0,314,10,661,20,0,0,0,0,94,1,2,21,62,1,210
אליפלט,293,20,7,0,0,0,0,21,0,0,0,0,42,1,176,1,0,0,0,0,1,0,1,1,4,1,17
אליקים,431,23,15,0,0,0,0,58,0,0,0,0,38,3,196,5,0,0,0,0,13,0,1,5,17,1,56
אלישיב,387,56,0,0,0,0,0,36,0,0,0,0,72,4,157,9,0,1,0,0,18,0,0,6,5,0,23
אלישמע,618,119,2,0,0,0,0,30,0,0,0,0,137,3,203,9,0,0,0,0,40,0,0,6,8,0,61
אלמגור,197,126,0,1,0,0,0,6,0,0,0,0,6,2,5,22,0,0,0,0,27,0,0,1,0,1,0
אלמוג,104,53,0,0,0,0,0,5,0,0,0,1,9,0,13,6,0,0,0,0,16,0,0,1,0,0,0
אלעד,14877,30,5000,1,0,0,0,754,1,0,0,0,69,13,663,2,6,0,2,0,12,0,10,25,2094,2,6193
אלעזר,1107,11,3,0,0,0,0,688,0,0,0,0,16,3,291,4,2,0,1,0,13,0,0,6,60,0,9
אלפי מנשה,4237,879,39,2,1,0,0,404,0,0,0,0,393,105,1286,78,1,0,1,0,866,1,1,75,53,2,50
אלקוש,171,23,0,2,0,0,0,6,0,0,0,0,34,0,63,1,0,0,0,0,7,0,0,3,3,0,29
אלקנה,2094,22,11,0,0,0,0,1459,0,0,0,0,25,6,362,3,1,0,1,0,25,0,0,11,151,0,17
אמונים,472,111,1,1,0,0,0,24,0,0,0,0,50,6,152,6,0,0,0,0,71,0,1,6,13,0,30
אמירים,382,164,3,3,0,0,0,31,0,0,0,0,24,2,20,62,1,0,0,0,46,0,0,14,8,2,2
אמנון,167,36,0,0,0,0,0,12,0,0,0,0,38,4,50,6,0,0,0,0,9,0,1,3,2,0,6
אמציה,254,20,0,0,0,0,0,144,0,0,0,0,18,0,36,0,0,0,0,0,7,0,0,2,27,0,0
אניעם,279,81,2,0,0,0,1,19,0,0,0,0,34,3,42,17,0,0,0,0,61,0,0,17,0,0,2
אסד (שבט),66,1,0,53,0,0,0,0,0,0,0,0,0,0,4,2,0,0,0,3,2,1,0,0,0,0,0
אספר,185,0,69,0,0,0,0,52,0,0,0,0,0,2,6,0,1,0,0,0,0,0,0,0,40,0,15
אעבלין,4871,436,5,3829,2,1,1,3,0,0,0,12,59,76,78,231,0,0,3,30,24,3,4,7,1,3,63
אעצם (שבט),1306,80,4,1055,0,1,2,1,3,0,0,2,9,3,10,9,1,0,6,17,1,1,3,4,3,6,85
אפיק,216,84,0,1,0,0,0,15,0,0,0,0,16,4,19,21,0,0,1,0,36,0,0,17,2,0,0
אפיקים,722,508,2,1,0,0,2,21,0,0,0,0,17,8,18,71,1,0,0,0,57,0,0,11,3,1,1
אפק,305,208,0,1,0,0,0,8,0,0,0,0,9,2,13,23,0,0,0,0,34,0,0,4,0,1,2
אפרת,4569,81,26,1,0,0,0,2501,0,0,0,0,107,30,1394,24,11,1,3,0,71,0,1,41,244,1,32
ארבל,314,97,0,0,0,0,0,23,0,0,0,0,25,6,101,16,0,0,0,0,33,0,0,3,7,0,3
ארגמן,87,13,0,1,0,0,0,12,0,0,0,0,7,3,34,1,0,0,0,0,9,0,1,2,2,0,2
ארז,302,193,0,0,0,0,0,7,0,0,0,0,21,1,14,37,0,0,0,0,21,0,0,6,0,2,0
אריאל,9717,432,31,6,2,0,2,1303,3,0,0,0,605,1550,4486,58,6,0,1,0,556,3,6,223,350,9,85
אשבול,225,32,0,0,0,0,0,14,0,0,0,0,18,4,100,1,0,0,0,0,15,0,0,2,19,0,20
אשדוד,113203,9694,11132,33,7,4,15,5486,43,6,0,10,8616,15127,35653,854,27,26,14,10,8841,26,74,1322,4180,80,11923
אשדות יעקב  (איחו,448,261,0,1,0,0,0,20,0,0,0,0,23,6,44,29,0,0,0,0,58,0,0,5,0,0,1
אשדות יעקב  (מאוח,296,175,1,0,0,0,0,9,0,0,0,0,19,9,30,14,0,0,0,0,34,0,0,1,3,0,1
אשחר,380,99,1,0,0,0,0,96,0,0,0,0,29,6,51,29,1,0,0,0,60,0,0,5,2,0,1
אשכולות,165,24,1,0,0,0,0,25,0,0,0,0,14,3,54,1,0,0,0,0,34,0,0,2,5,2,0
אשל הנשיא,59,25,0,2,0,0,0,6,0,0,0,0,9,1,7,3,0,0,0,0,4,0,0,0,1,0,1
אשלים,227,76,0,0,0,0,0,10,0,0,0,0,28,15,42,14,1,1,0,0,33,0,0,5,1,0,1
אשקלון,64324,6263,645,53,15,3,13,3694,10,4,0,2,5390,9681,25655,566,14,14,22,12,4243,21,46,765,2907,69,4217
אשרת,287,41,4,0,0,0,0,28,0,0,0,0,45,12,112,8,1,0,0,0,23,0,0,5,8,0,0
אשתאול,548,68,21,1,0,0,0,40,0,0,0,0,52,4,205,20,0,0,0,0,29,0,1,2,29,0,76
באקה אל-גרביה,10022,259,4,9428,1,0,4,1,0,0,0,2,0,2,11,249,0,1,2,32,5,1,4,2,5,0,9
באר אורה,226,89,0,2,0,0,0,8,0,0,0,0,26,6,46,8,0,0,0,0,35,0,1,5,0,0,0
באר גנים,101,1,0,0,0,0,0,35,0,0,0,0,8,0,39,1,0,0,0,0,0,0,0,0,14,0,3
באר טוביה,541,326,1,2,0,0,0,10,0,0,0,0,22,5,34,41,0,0,0,0,92,0,0,7,1,0,0
באר יעקב,8440,1754,97,12,0,0,2,459,0,1,0,1,1044,170,2676,141,3,0,0,0,1238,1,2,90,142,7,600
באר שבע,97153,11887,676,531,12,5,18,6782,15,9,0,35,8548,11721,36614,1357,45,20,23,25,7364,30,87,1179,3898,94,6178
בארות יצחק,278,29,0,0,0,0,0,138,0,1,0,0,23,1,36,8,2,0,0,0,23,0,0,6,9,0,2
בארותיים,536,217,0,0,0,0,0,21,0,0,0,0,54,6,62,40,0,0,0,0,113,0,2,12,5,2,2
בארי,667,443,1,0,0,0,0,14,0,0,0,0,13,5,18,109,0,0,0,0,50,0,0,13,0,1,0
בוסתן הגליל,402,150,1,0,0,0,0,26,0,0,0,0,34,10,80,24,0,0,0,0,58,0,1,5,1,1,11
בועיינה-נוג'ידאת,3607,112,2,3038,0,1,1,5,0,2,0,223,49,3,10,82,0,0,1,20,1,0,2,2,5,1,47
בוקעאתא,17,4,0,1,0,0,0,0,0,0,0,0,3,0,5,1,0,0,0,0,1,0,0,1,0,0,1
בורגתה,624,278,0,0,1,0,0,19,0,0,0,0,54,9,93,42,0,0,0,0,103,0,1,16,2,0,6
בחן,418,242,0,2,0,0,1,12,0,0,0,0,22,5,36,28,0,0,0,0,62,0,0,8,0,0,0
בטחה,437,21,13,0,0,0,0,48,0,0,0,0,31,1,237,1,0,0,1,0,9,0,1,1,25,0,48
ביצרון,666,383,3,0,0,0,1,20,0,0,0,0,30,4,71,42,0,0,0,0,102,0,0,7,3,0,0
ביר אל-מכסור,2672,226,1,1733,0,1,1,27,0,0,0,0,18,1,6,35,0,0,2,47,397,2,2,2,3,1,167
ביר הדאג',399,1,0,389,0,0,0,0,0,0,0,1,0,0,1,1,0,0,0,4,0,1,0,0,1,0,0
ביריה,430,38,7,0,0,0,0,32,0,0,0,0,59,4,163,1,0,0,0,0,15,0,1,8,50,1,51
בית אורן,193,89,1,1,0,0,0,11,0,0,0,0,11,5,16,27,0,0,0,0,28,0,0,4,0,0,0
בית אל,2726,5,19,0,0,0,0,1604,0,0,0,0,10,2,308,0,3,0,3,0,2,1,1,24,724,0,20
בית אלעזרי,798,277,2,2,0,0,0,39,0,0,0,0,92,12,176,41,0,0,1,0,129,0,1,12,4,1,9
בית אלפא,489,280,0,3,0,0,0,9,0,0,0,1,20,5,43,76,0,3,0,0,28,1,0,14,2,1,3
בית אריה,2404,261,15,2,0,0,1,520,0,0,0,0,205,48,932,20,2,0,1,0,254,0,1,42,52,1,47
בית ג'ן,4138,1902,0,242,0,0,1,73,0,1,0,0,406,727,207,242,0,0,0,8,125,0,2,15,85,3,99
בית גוברין,220,131,0,1,0,0,0,6,0,0,0,0,3,2,6,29,0,0,0,0,34,0,0,7,0,0,1
בית גמליאל,561,15,10,0,0,0,0,278,0,0,0,0,32,1,130,4,1,0,0,0,22,0,0,6,53,1,8
בית דגן,3757,591,52,3,0,0,0,310,2,0,0,0,453,69,1441,50,0,0,1,0,417,0,5,44,113,2,204
בית הגדי,392,7,3,0,0,0,0,32,0,0,0,0,15,1,223,0,0,0,1,0,4,0,1,4,97,0,4
בית הלוי,419,221,0,1,0,0,0,8,0,0,0,0,23,2,40,41,0,0,0,0,66,0,0,11,3,2,1
בית הלל,391,216,0,0,0,0,0,6,0,0,0,0,27,5,24,33,0,0,0,0,69,0,0,6,3,0,2
בית העמק,337,196,1,1,0,0,0,6,0,0,0,0,6,18,16,50,0,0,0,1,36,0,0,6,0,0,0
בית הערבה,51,13,0,0,0,0,0,8,0,0,0,0,6,4,12,1,0,0,0,0,2,0,0,4,0,0,1
בית השיטה,744,483,1,1,0,0,0,30,0,0,0,0,28,6,44,46,0,1,0,0,81,0,1,13,6,2,1
בית זיד,68,41,0,0,0,0,0,0,0,0,0,0,4,0,5,8,0,0,0,0,8,1,0,0,0,0,1
בית זית,802,316,4,5,0,0,0,49,1,0,0,0,54,8,118,111,1,0,0,1,109,0,2,10,5,0,8
בית זרע,402,200,0,1,0,0,0,7,0,0,0,0,17,4,12,126,0,0,0,0,28,0,0,4,2,1,0
בית חורון,606,12,13,0,0,0,0,281,0,0,0,0,31,3,184,5,1,0,0,0,10,0,0,7,51,0,8
בית חירות,452,283,0,0,0,0,0,4,0,1,0,0,23,4,10,58,0,0,0,0,61,0,0,5,1,1,1
בית חלקיה,328,1,292,0,0,0,0,5,0,0,0,0,1,0,5,0,2,0,0,0,1,0,0,0,11,0,10
בית חנן,476,243,0,1,0,0,0,12,0,0,0,0,30,5,52,28,0,0,0,0,95,0,0,9,0,0,1
בית חנניה,457,204,0,1,0,0,0,14,0,0,0,0,37,4,49,29,1,0,0,1,110,0,0,6,0,0,1
בית חשמונאי,1083,346,1,0,0,0,0,59,0,0,0,0,110,12,300,41,2,0,0,0,178,0,1,10,4,0,19
בית יהושע,529,261,3,1,0,0,0,14,0,0,0,0,27,3,59,56,2,0,0,0,93,0,0,2,7,0,1
בית יוסף,191,17,1,0,0,0,0,14,0,0,0,0,25,1,89,1,0,0,0,0,4,0,1,0,5,0,33
בית ינאי,222,136,0,1,0,0,0,6,0,0,0,0,11,1,8,31,0,0,0,0,27,0,0,1,0,0,0
בית יצחק-שער חפר,1299,730,5,1,0,0,0,30,0,0,0,0,64,12,119,110,0,1,0,0,211,0,1,9,4,1,1
בית לחם הגלילית,439,217,3,1,0,0,0,16,0,0,0,0,15,5,52,57,1,0,0,0,61,0,0,8,2,1,0
בית מאיר,283,4,21,0,0,0,0,77,0,0,0,0,12,1,91,0,3,0,0,0,9,0,0,3,39,1,22
בית נחמיה,475,123,4,1,0,0,1,23,0,0,0,0,77,3,116,33,0,0,0,0,77,0,0,9,4,1,3
בית ניר,305,148,0,0,0,0,0,7,0,0,0,0,2,1,7,106,0,0,0,0,31,0,0,2,0,1,0
בית נקופה,314,91,2,1,0,0,0,12,0,0,0,0,24,9,94,19,0,0,0,0,42,0,1,5,6,0,8
בית עובד,225,135,0,0,0,0,0,3,0,0,0,0,10,2,17,23,0,0,0,0,26,0,0,7,1,1,0
בית עוזיאל,333,51,0,1,0,0,0,31,0,0,0,0,59,6,123,5,0,0,0,0,23,0,0,3,15,0,16
בית עזרא,628,181,1,0,0,0,0,47,0,0,0,0,85,10,169,10,0,0,0,0,63,0,1,8,18,1,34
בית עריף,548,54,8,0,0,0,1,36,0,1,0,0,97,5,237,10,1,0,0,0,38,0,0,10,15,1,34
בית קמה,470,194,1,1,0,0,0,11,0,0,0,0,25,6,42,105,1,0,0,0,78,0,0,3,2,0,1
בית קשת,290,175,0,2,0,0,0,12,0,0,0,0,16,1,4,54,0,0,0,0,19,0,0,6,0,1,0
בית רבן,251,3,1,0,0,0,0,128,0,0,0,0,8,0,42,0,0,0,0,0,2,0,0,0,57,0,10
בית רימון,241,18,0,0,0,0,0,153,0,0,0,0,5,0,36,5,0,0,0,0,9,0,0,0,14,0,1
בית שאן,9311,467,88,31,1,0,6,595,1,0,0,0,666,236,4742,27,3,0,3,3,287,2,11,69,322,6,1745
בית שמש,33878,1111,9589,8,1,1,1,3053,0,0,0,0,1187,1321,9051,162,34,3,4,1,881,2,10,169,2421,8,4860
בית שערים,408,201,0,0,0,0,0,26,0,0,0,0,15,5,48,25,0,0,0,0,86,0,0,1,0,1,0
בית שקמה,345,17,6,0,0,0,0,17,0,0,0,0,97,6,148,2,0,0,0,0,10,0,1,2,21,0,18
ביתן אהרן,92,46,1,0,0,0,0,0,0,0,0,0,8,1,7,7,0,0,0,0,21,0,0,1,0,0,0
ביתר עילית,15976,22,9347,0,1,0,0,101,1,0,0,0,27,26,234,9,6,0,5,1,8,0,7,27,2249,1,3904
בלפוריה,271,102,1,0,0,0,0,23,0,0,0,0,20,8,41,20,0,0,0,0,41,0,0,6,7,0,2
בן זכאי,455,10,1,1,0,0,0,34,0,0,0,0,53,5,220,2,0,0,0,0,8,0,0,1,95,0,25
בן עמי,430,164,6,1,0,0,1,19,0,0,0,0,24,11,94,35,0,0,0,0,62,0,0,7,1,0,5
בן שמן (כפר נוער),167,66,0,0,0,0,0,0,0,0,0,0,41,1,15,15,0,0,0,0,26,0,0,0,0,0,3
בן שמן (מושב),459,179,1,1,1,0,0,16,0,0,0,0,45,4,91,42,0,0,0,0,68,0,0,5,3,0,3
בני ברק,78621,1004,46661,13,2,3,9,1848,4,3,0,1,902,533,3591,158,30,1,8,4,508,4,36,129,4323,3,18843
בני דקלים,201,1,0,0,0,1,0,143,0,0,0,0,0,0,10,1,0,0,1,0,0,0,0,0,44,0,0
בני דרום,308,19,0,0,0,0,0,184,0,0,0,0,8,0,68,2,0,0,1,0,11,0,0,4,11,0,0
בני דרור,741,374,0,2,0,0,0,24,0,0,0,0,35,8,132,43,0,0,0,0,109,0,1,11,1,0,1
בני יהודה,619,178,1,3,1,0,0,50,0,0,0,0,60,24,111,20,0,0,1,0,116,0,1,33,6,2,12
בני נצרים,170,1,2,0,0,0,0,44,0,0,0,0,0,0,4,0,0,0,0,0,0,0,0,0,118,0,1
בני עטרות,497,237,4,2,0,0,4,16,0,0,0,0,38,1,59,48,0,0,0,0,73,0,1,7,4,0,3
"בני עי""ש",3972,268,16,0,0,0,0,288,0,0,0,0,327,981,1255,32,2,0,1,1,334,3,1,76,169,4,214
בני ציון,662,314,1,1,0,0,0,20,0,0,0,0,40,4,77,62,1,0,0,0,127,0,0,9,2,0,4
בני ראם,651,7,36,0,0,0,0,179,0,0,0,0,35,3,193,1,0,0,0,0,20,0,1,0,124,0,52
בניה,526,219,0,0,0,0,0,31,0,0,0,0,33,8,82,31,0,0,1,0,107,0,0,9,5,0,0
בנימינה-גבעת עדה,6971,2671,15,13,0,0,1,353,2,0,0,0,527,89,1271,645,5,1,0,1,1087,0,5,89,42,4,150
"בסמ""ה",3566,35,1,3334,1,0,0,0,0,2,0,5,41,0,19,89,1,0,2,21,5,0,2,0,1,1,6
בסמת טבעון,2354,170,9,1837,1,1,1,7,1,1,0,16,150,4,25,35,0,2,12,57,8,1,2,2,1,0,11
בענה,3813,12,0,3670,0,1,1,3,0,0,0,0,4,26,7,47,0,0,1,1,1,0,1,0,0,0,38
בצרה,553,301,0,0,0,0,0,27,0,0,0,0,21,2,49,44,0,0,0,0,97,0,0,8,4,0,0
בצת,210,73,0,3,0,0,0,20,0,0,0,0,15,6,34,6,0,0,0,0,41,0,0,9,1,1,1
בקוע,354,56,2,0,0,0,0,29,0,0,0,0,49,2,157,3,1,0,0,0,17,0,0,1,17,0,20
בקעות,115,24,0,0,0,0,0,10,0,0,0,0,8,0,45,0,1,0,0,0,21,0,0,5,0,0,1
בר גיורא,295,50,6,1,0,0,0,26,0,0,0,0,25,3,120,17,0,0,1,0,16,1,0,2,12,0,15
בר יוחאי,336,3,19,0,0,0,0,118,0,0,0,0,10,1,86,0,0,0,1,0,1,0,1,3,56,0,37
ברוכין,198,0,1,0,0,0,0,154,0,0,0,0,1,0,24,0,0,0,0,0,0,0,0,0,18,0,0
ברור חיל,467,269,0,1,0,0,0,7,0,0,0,0,30,2,50,43,0,0,0,1,52,0,0,10,1,0,1
ברוש,185,32,5,0,0,0,0,10,0,0,0,0,18,2,81,1,0,0,0,0,12,1,0,1,6,0,16
ברכה,816,3,1,3,0,0,0,225,0,0,0,0,3,1,476,1,0,0,0,0,1,0,0,1,97,0,4
ברכיה,591,6,3,0,0,0,0,44,0,0,0,0,12,0,197,0,0,0,0,0,8,0,0,1,289,1,30
ברעם,340,142,0,0,0,0,0,3,0,0,0,0,9,3,7,144,0,0,0,0,26,0,0,3,0,2,1
ברק,224,75,0,0,0,0,0,19,0,0,0,0,15,6,70,1,0,0,0,0,22,0,0,9,1,0,6
ברקאי,327,160,1,4,0,0,0,0,1,0,0,0,10,4,6,112,1,0,0,1,17,0,0,9,0,0,1
ברקן,896,69,2,2,0,0,0,179,0,0,0,1,61,35,436,6,0,0,0,0,71,0,0,21,11,1,1
ברקת,853,5,11,0,0,0,0,141,0,0,0,0,41,1,326,1,0,0,2,0,7,0,0,3,244,0,71
בת הדר,322,67,3,0,0,0,0,21,0,0,0,0,36,6,109,5,0,0,0,0,57,0,0,5,6,0,7
בת חן,398,230,2,1,0,0,1,10,0,0,0,0,22,4,54,18,0,0,0,0,51,0,0,3,2,0,0
בת חפר,2818,1130,4,3,0,0,0,154,1,0,0,0,241,46,403,153,0,0,0,0,562,0,0,70,29,2,20
בת ים,68204,9942,704,123,10,5,21,3513,14,1,0,5,7662,8785,22756,966,12,14,7,14,6344,28,52,823,1651,60,4692
בת עין,524,2,9,0,0,0,0,185,0,0,0,0,3,0,74,1,1,0,3,0,4,2,2,10,212,2,14
בת שלמה,320,117,1,2,0,0,0,17,1,0,0,0,26,6,49,38,0,0,0,0,46,0,1,13,1,0,2
ג'דיידה-מכר,8608,195,2,8166,2,0,3,11,0,2,0,7,16,7,25,54,1,1,4,44,7,3,5,4,20,3,26
ג'ולס,2497,1036,0,140,0,0,0,3,0,0,0,0,332,269,352,22,1,0,0,5,126,0,4,12,62,2,131
ג'לג'וליה,4424,239,0,3983,0,0,0,5,0,0,0,0,16,2,6,155,0,0,0,12,3,0,0,0,1,1,1
ג'נאביב (שבט),122,9,0,61,0,0,0,3,1,0,0,0,0,1,5,2,0,0,6,4,12,0,2,0,2,7,7
ג'סר א-זרקא,4503,124,1,3524,1,1,2,6,0,0,0,1,6,0,52,165,0,1,3,20,196,1,2,2,3,1,391
ג'ש (גוש חלב),1360,117,1,945,0,1,0,3,0,0,0,0,17,157,3,76,0,0,0,9,7,1,1,3,5,0,14
ג'ת,3677,17,0,3467,0,0,0,1,1,1,0,0,7,1,5,130,0,0,2,16,3,0,1,1,1,0,23
גאולי תימן,206,19,5,16,0,0,0,20,0,0,0,0,49,2,76,2,0,0,0,0,9,0,1,1,1,1,4
גאולים,522,147,7,0,0,0,0,36,0,0,0,0,89,6,131,18,0,0,0,0,56,0,1,6,5,2,18
גאליה,640,251,0,1,0,0,0,17,0,0,0,0,61,16,102,34,0,0,0,0,136,0,1,11,6,2,2
גבולות,161,48,0,1,0,0,0,4,0,0,0,0,11,9,9,59,0,0,0,0,13,0,0,6,1,0,0
גבים,269,147,0,0,0,0,0,10,0,0,0,0,17,4,14,51,0,0,0,0,24,0,0,2,0,0,0
גבע בנימין,2161,67,30,2,1,0,0,363,0,0,0,0,150,55,869,6,0,0,1,0,75,0,1,16,276,0,249
גבע כרמל,516,238,4,0,0,0,0,20,0,0,0,0,78,5,76,19,0,0,0,0,56,0,0,10,0,0,10
גבע,387,314,0,1,0,0,0,4,0,0,0,0,0,4,9,30,0,0,0,0,18,0,0,7,0,0,0
גבעולים,212,5,2,0,0,0,0,7,0,0,0,0,24,1,148,0,0,0,0,0,2,0,1,0,14,0,8
גבעון החדשה,749,100,0,2,1,0,0,95,1,0,0,0,83,27,272,14,1,1,0,0,108,1,1,11,12,0,19
גבעות בר,254,80,0,2,0,0,0,15,0,0,0,0,24,4,54,11,0,0,1,0,54,0,0,5,2,0,2
גבעת אבני,1197,293,5,1,0,0,0,112,0,0,0,0,123,15,353,22,5,0,0,0,200,0,1,13,21,0,33
גבעת אלה,1229,648,1,3,0,0,0,21,0,0,0,0,64,7,112,141,1,0,0,0,210,0,0,14,5,0,2
גבעת ברנר,1358,774,1,3,0,0,0,37,0,0,0,0,60,10,124,135,1,0,0,0,180,0,0,27,1,0,5
גבעת השלושה,347,220,0,0,0,0,0,11,0,0,0,0,23,5,19,31,1,0,0,0,28,0,0,6,1,0,2
גבעת זאב,7802,567,1051,6,1,0,2,813,1,0,0,0,472,119,2644,64,4,1,0,0,498,0,2,80,599,3,875
"גבעת ח""ן",249,161,0,0,0,0,0,6,0,0,0,0,11,1,18,20,1,0,0,0,27,0,0,2,1,1,0
גבעת חיים (איחוד),691,500,2,2,0,0,0,7,0,0,0,0,10,5,5,105,0,0,0,0,51,0,1,3,0,0,0
גבעת חיים (מאוחד),682,479,2,1,0,0,0,16,0,0,0,0,22,2,26,80,0,0,0,0,41,0,0,7,2,2,2
גבעת יואב,343,125,0,0,0,0,0,34,0,0,0,0,29,17,52,13,2,0,0,0,51,0,0,11,3,4,2
גבעת יערים,681,137,11,4,0,0,0,62,0,0,0,0,73,7,230,60,0,0,0,0,45,0,1,6,20,1,24
גבעת ישעיהו,374,136,1,1,0,0,0,19,0,0,0,0,40,4,62,48,0,0,0,0,40,0,0,8,7,0,8
"גבעת כ""ח",461,55,8,0,0,0,0,42,0,0,0,0,88,8,153,6,0,0,0,0,50,0,1,5,24,0,21
"גבעת ניל""י",333,67,0,2,0,0,0,12,0,0,0,0,54,0,112,27,0,0,0,0,44,0,1,12,0,1,1
גבעת עוז,267,150,1,1,0,0,0,10,0,0,0,1,10,1,16,55,0,0,0,0,15,0,0,7,0,0,0
גבעת שמואל,13235,2156,207,9,1,0,3,3818,0,0,0,0,878,182,3211,362,18,0,0,3,1283,0,0,94,503,7,500
גבעת שפירא,173,82,0,4,0,0,0,3,0,0,0,0,8,2,18,14,0,0,0,0,41,0,0,0,1,0,0
גבעתי,442,73,0,0,0,0,2,14,0,0,0,0,99,11,142,5,0,0,0,0,44,0,1,13,14,0,24
גבעתיים,33486,13526,193,101,1,1,8,1520,3,0,0,0,2595,443,5636,3219,12,2,1,3,5183,3,6,319,268,26,417
גברעם,211,115,1,0,0,0,0,3,0,0,0,0,12,8,19,13,2,0,0,0,32,0,0,4,0,1,1
גבת,535,389,0,0,0,0,0,9,0,1,0,0,16,2,15,52,0,0,0,0,45,0,0,6,0,0,0
גדות,243,153,0,0,0,0,0,6,0,0,0,0,9,3,6,38,0,0,0,0,17,0,0,10,0,1,0
גדיש,192,7,2,0,0,0,0,9,0,0,0,0,18,0,128,0,0,0,0,0,3,1,0,0,2,0,22
גדעונה,187,33,6,0,0,0,0,11,0,0,0,0,11,5,82,4,0,0,0,0,13,0,1,8,3,0,10
גדרה,11774,2793,83,8,0,1,0,875,1,0,0,0,1225,306,3574,372,7,3,5,1,1607,1,8,122,430,7,345
גונן,244,131,0,1,0,0,0,15,0,0,0,0,8,1,8,43,0,0,0,0,23,0,0,12,0,0,2
גורן,260,28,6,0,0,0,0,12,0,0,0,0,30,1,118,1,0,0,0,0,8,0,0,1,2,0,53
גורנות הגליל,107,22,4,0,0,0,0,3,0,0,0,0,14,2,35,2,0,0,0,0,7,0,0,2,1,0,15
גזית,436,204,0,2,0,0,0,2,0,0,0,0,14,5,11,160,0,0,0,0,31,1,0,5,1,0,0
גזר,191,97,0,2,0,0,0,3,0,0,0,0,7,1,16,49,0,0,0,0,12,0,0,2,0,1,1
גיאה,419,167,1,1,0,0,0,25,0,0,0,0,47,1,84,10,0,0,0,0,72,0,0,5,3,1,2
גיבתון,193,103,2,0,0,0,0,8,0,0,0,0,10,1,18,20,0,0,0,0,28,0,0,3,0,0,0
גיזו,102,25,1,0,0,0,0,6,0,0,0,0,5,0,39,13,0,0,0,0,11,0,0,0,0,0,2
גילון,671,323,0,1,0,0,0,20,0,0,0,0,48,8,76,48,0,0,0,0,141,0,0,5,1,0,0
גילת,670,78,1,0,0,0,0,44,0,0,0,0,58,15,360,3,1,0,1,0,46,0,1,7,42,0,13
גינוסר,366,212,0,1,0,0,0,13,0,0,0,0,17,4,37,24,0,0,0,0,37,0,1,16,3,0,1
גיניגר,381,242,1,1,0,0,1,6,1,0,0,0,15,6,28,47,0,0,0,1,26,0,0,4,1,1,0
גינתון,498,212,3,1,0,0,0,21,0,0,0,0,54,8,72,27,0,0,0,0,83,0,0,9,2,1,5
גיתה,133,37,0,1,0,0,0,6,0,0,0,0,10,15,33,16,1,0,0,0,9,0,0,3,1,1,0
גיתית,150,16,0,0,0,0,0,61,0,0,0,0,10,2,36,1,0,0,0,0,2,0,0,3,19,0,0
גלאון,262,133,0,1,0,0,0,5,0,0,0,0,8,1,7,76,0,0,0,0,28,0,0,2,1,0,0
גלגל,82,17,0,0,0,0,0,15,0,0,0,0,6,0,21,1,0,0,0,0,22,0,0,0,0,0,0
גליל ים,269,169,0,4,0,0,0,6,0,0,0,0,9,0,17,28,0,0,0,0,31,0,0,0,0,1,4
גלעד (אבן יצחק),271,185,0,0,0,0,0,3,0,0,0,0,10,1,6,32,0,0,0,0,29,0,0,3,0,1,1
גמזו,530,11,14,0,0,0,0,276,0,0,0,0,17,4,113,7,1,0,0,0,11,0,0,1,59,0,16
גן הדרום,264,99,0,0,0,0,0,7,0,0,0,0,37,0,64,7,0,0,0,0,40,0,0,5,2,0,3
גן השומרון,452,228,0,1,0,0,0,11,0,0,0,0,47,5,33,41,0,0,0,0,78,0,0,7,0,0,1
גן חיים,439,204,1,1,0,0,1,16,0,0,0,0,28,8,30,52,0,0,0,0,89,1,0,7,1,0,0
גן יאשיה,480,255,0,0,0,0,0,22,0,0,0,0,24,6,35,50,0,0,0,0,78,0,0,7,1,0,2
גן יבנה,11028,2248,125,4,0,0,1,866,2,1,0,0,1177,359,3499,210,4,0,2,3,1555,1,5,224,309,10,423
גן נר,1402,394,3,0,0,0,0,108,0,0,0,0,117,46,449,54,0,0,0,0,177,0,1,25,10,0,18
גן שורק,198,87,2,0,0,0,0,14,0,0,0,0,11,0,30,10,0,0,0,0,38,0,0,5,0,1,0
גן שלמה,301,215,0,1,0,0,0,8,0,0,0,0,7,0,4,36,0,0,0,0,26,0,0,1,3,0,0
גן שמואל,671,291,0,3,0,0,0,2,0,0,0,0,10,0,6,318,0,0,0,0,32,0,0,8,0,0,1
גנות הדר,493,166,2,0,0,0,0,26,0,0,0,0,50,6,112,11,1,0,0,0,109,0,0,5,3,0,2
גנות,284,93,3,0,0,0,0,14,0,0,0,0,20,7,65,18,0,0,0,0,58,0,0,3,0,0,3
גני הדר,186,89,0,0,0,0,1,6,0,0,0,0,8,2,23,19,1,0,0,0,33,0,0,3,1,0,0
גני טל,295,1,4,0,0,0,0,220,0,0,0,0,3,1,39,0,0,0,0,0,6,0,0,1,18,0,2
גני יוחנן,395,127,0,0,0,0,0,12,0,0,0,0,59,5,85,11,1,0,0,0,71,0,0,6,5,2,11
גני עם,160,73,0,1,0,0,0,4,0,0,0,0,11,0,16,17,0,0,0,0,31,0,0,4,2,0,1
גני תקווה,9116,2811,236,11,0,0,5,540,0,1,0,0,708,131,1879,406,2,1,1,0,1445,0,1,84,220,5,629
געש,452,251,0,0,0,0,0,5,0,0,0,0,9,2,4,145,0,0,0,0,29,0,1,6,0,0,0
געתון,310,153,0,2,0,0,0,4,0,0,0,0,4,3,12,93,0,0,0,0,28,0,0,10,0,0,1
גפן,194,4,9,0,0,0,0,18,1,0,0,0,15,1,107,1,0,0,0,1,3,0,0,2,3,1,28
גרופית,185,100,0,0,0,0,0,7,0,0,0,0,5,0,19,30,0,0,0,0,22,0,1,1,0,0,0
גשור,137,59,0,0,0,0,0,10,0,0,0,0,12,1,16,14,0,0,0,0,14,0,0,9,0,0,2
גשר הזיו,819,357,1,1,0,0,0,25,0,0,0,0,62,19,146,67,0,0,0,0,133,0,1,4,1,0,2
גשר,281,191,0,0,0,0,0,5,0,0,0,0,8,5,16,25,1,0,1,0,23,0,0,6,0,0,0
גת (קיבוץ),331,170,0,2,0,0,0,7,0,0,0,0,17,2,17,77,0,0,0,0,33,0,0,4,0,2,0
גת רימון,152,61,0,0,0,0,1,4,0,0,0,0,22,2,24,9,0,0,0,0,25,0,0,2,0,0,2
דאלית אל-כרמל,6666,1556,3,460,1,0,0,16,0,1,0,4,2506,627,519,126,1,1,1,13,411,4,8,23,1,5,379
דבורה,161,73,0,0,0,0,0,7,0,0,0,0,23,0,24,1,0,0,0,0,26,0,0,2,1,0,4
דבוריה,4504,15,0,4397,0,1,0,3,0,0,0,3,3,9,10,22,0,0,0,24,1,0,2,2,1,0,11
דבירה,398,193,0,0,0,0,0,9,0,0,0,0,15,2,17,107,0,0,0,0,47,0,0,4,4,0,0
דברת,161,99,0,0,0,0,0,3,0,0,0,0,8,4,12,6,0,0,0,0,19,0,1,4,0,1,4
דגניה א',366,258,0,0,0,0,0,5,0,0,0,0,22,1,16,28,0,0,0,0,30,0,0,6,0,0,0
דגניה ב',404,266,0,0,0,0,0,9,0,0,0,0,18,3,21,37,0,0,0,0,41,0,1,8,0,0,0
"דוב""ב",217,12,5,0,0,0,0,14,0,0,0,0,30,1,129,0,0,0,0,0,1,0,0,1,2,0,22
דולב,608,4,1,0,0,0,0,459,0,0,0,0,3,1,73,2,0,0,1,0,0,0,0,5,59,0,0
דור,219,94,0,1,0,0,1,10,0,0,0,0,28,1,41,11,0,0,0,0,30,0,0,2,0,0,0
דורות,382,245,0,0,0,0,0,14,0,0,0,0,12,3,7,48,0,0,0,0,40,0,1,11,0,0,1
דחי,256,7,2,231,0,0,0,0,0,0,0,0,1,0,1,8,0,0,1,5,0,0,0,0,0,0,0
דייר אל-אסד,5668,134,0,4976,0,1,1,0,0,1,0,6,24,4,25,102,2,0,2,25,3,1,1,5,5,1,349
דייר חנא,5316,92,3,4955,0,1,0,0,0,1,0,2,65,25,34,62,0,2,1,20,11,0,3,1,3,0,35
דימונה,16111,1258,156,25,0,0,4,1084,5,0,0,2,1176,1577,6615,76,5,5,4,6,1419,2,16,198,474,12,1992
דישון,203,34,0,0,0,0,0,10,0,0,0,0,50,0,83,1,0,0,0,0,7,0,0,3,1,1,13
דליה,522,259,1,2,0,0,0,6,0,0,0,0,8,1,5,195,0,0,0,0,40,0,0,2,1,2,0
דלתון,427,2,4,0,0,0,0,36,0,0,0,0,51,4,251,0,0,0,0,0,0,0,1,5,12,0,61
דמיידה,185,4,1,173,0,0,0,0,0,0,0,1,1,0,1,0,0,0,0,1,0,0,0,2,0,0,1
דן,356,179,0,1,0,0,0,3,0,0,0,0,11,2,6,119,0,0,0,0,22,0,0,9,4,0,0
דפנה,442,267,0,1,0,0,0,6,0,0,0,0,28,8,28,39,0,0,0,0,49,0,0,15,0,0,1
דקל,164,50,0,0,0,0,0,15,0,0,0,0,17,9,35,4,0,0,0,0,29,0,0,5,0,0,0
דריג'את,285,61,0,190,0,0,0,1,0,0,0,0,16,0,2,1,0,0,1,9,0,0,2,1,0,0,1
האון,101,43,1,0,0,0,0,3,0,0,0,0,11,2,12,7,0,0,0,0,12,0,0,7,1,0,2
הבונים,208,132,0,1,0,0,0,4,0,0,0,0,8,0,21,21,0,0,0,0,17,0,0,3,0,1,0
הגושרים,414,232,0,0,0,0,0,8,0,0,0,0,26,4,54,32,0,1,0,0,45,0,0,8,0,0,4
הדר עם,376,180,1,1,0,0,0,11,0,0,0,0,29,3,24,50,0,0,0,0,67,0,0,8,1,0,1
הוד השרון,30604,11920,145,34,3,2,4,1175,0,1,0,2,2499,595,5697,1963,8,5,1,2,5124,3,9,397,262,23,730
הודיה,323,45,1,0,0,0,0,27,0,0,0,0,31,5,153,5,0,0,0,0,28,0,0,3,4,1,20
הוואשלה (שבט),515,3,0,455,0,0,0,0,0,1,0,0,1,0,1,31,0,0,6,11,2,2,0,0,1,0,1
הוזייל (שבט),308,8,0,283,0,0,0,2,0,0,0,0,0,0,3,2,0,0,0,3,1,1,2,1,1,0,1
הושעיה,934,52,1,0,0,0,0,494,0,0,0,0,24,1,187,10,0,0,0,0,142,0,1,5,14,0,3
הזורע,586,340,3,3,0,0,0,14,0,0,0,0,15,0,18,143,0,0,0,0,32,0,0,16,1,0,1
הזורעים,390,10,3,0,0,0,0,221,0,0,0,0,17,1,94,0,0,0,1,0,2,0,0,2,30,0,9
החותרים,398,264,3,0,0,0,0,4,0,0,0,0,12,4,13,34,0,0,0,0,49,0,0,12,1,1,1
היוגב,432,267,0,0,0,0,0,15,0,0,0,0,22,5,27,20,0,0,0,0,61,0,0,12,3,0,0
הילה,342,183,0,1,0,0,0,11,0,0,0,0,12,2,15,55,0,0,0,0,41,0,1,14,3,3,1
המעפיל,438,219,2,0,0,0,0,5,0,0,0,0,17,1,16,124,0,0,0,0,48,0,0,2,1,0,3
הסוללים,503,260,2,3,0,0,0,9,0,0,0,0,25,2,59,50,0,0,0,0,75,0,0,7,8,0,3
העוגן,456,220,1,3,0,0,0,10,0,0,0,0,11,1,10,143,0,0,0,0,47,0,0,6,3,0,1
הר אדר,2125,824,2,5,0,0,0,92,0,0,0,0,162,25,392,191,2,0,0,0,388,0,0,17,9,1,15
הר גילה,691,86,2,2,0,0,2,93,0,0,0,0,79,13,283,22,1,0,0,0,56,0,0,11,16,1,24
הר עמשא,123,12,4,0,0,0,0,49,0,0,0,0,9,1,6,13,0,0,0,0,2,0,0,2,25,0,0
הראל,104,44,0,2,0,0,0,2,0,0,0,0,6,3,3,29,0,0,0,0,14,0,0,0,0,1,0
הרדוף,290,129,0,9,0,0,0,0,0,0,0,0,3,2,1,132,0,0,0,0,14,0,0,0,0,0,0
הרצליה,53681,18495,578,101,4,1,4,2250,2,0,0,3,4586,1433,11747,3495,19,1,3,5,8040,6,38,719,593,29,1529
הררית,197,89,1,1,0,0,0,4,0,0,0,0,9,1,18,54,0,0,0,0,14,0,0,3,0,3,0
ורד יריחו,135,22,2,0,0,0,0,23,0,0,0,0,15,0,53,1,0,0,0,0,12,0,0,5,0,0,2
ורדון,148,24,0,1,0,0,0,13,0,0,0,0,28,3,48,11,0,0,0,0,9,0,0,1,2,0,8
זבדיאל,308,8,19,0,0,0,0,19,0,0,0,0,8,1,163,2,0,0,0,0,1,0,0,2,19,0,66
זוהר,199,17,3,0,0,0,0,10,0,0,0,0,7,1,101,1,0,0,0,0,15,0,0,2,13,0,29
זיקים,386,165,0,2,0,0,0,9,0,0,0,0,12,3,44,112,0,0,0,0,34,0,0,4,1,0,0
זיתן,654,60,6,0,0,0,0,25,0,0,0,0,107,1,316,5,0,0,0,0,32,0,0,10,17,1,74
זכרון יעקב,11667,3899,680,15,0,0,1,685,1,1,0,0,972,155,2060,800,6,0,1,0,1635,0,3,115,130,9,499
זכריה,554,42,2,0,0,0,0,26,0,1,0,0,52,4,352,2,0,0,0,0,14,0,1,5,15,0,38
זמר,2568,58,1,2310,0,1,0,2,0,1,0,0,6,1,24,127,0,0,0,26,2,0,2,2,2,0,3
זמרת,228,1,1,0,0,0,0,19,0,0,0,0,8,0,71,0,0,0,1,1,4,0,0,0,113,0,9
זנוח,273,8,2,0,0,0,0,24,0,0,0,0,28,3,151,2,0,0,0,0,12,0,1,1,8,0,33
זרועה,171,12,8,0,0,0,0,7,0,0,0,0,7,3,110,0,0,0,0,0,4,0,0,0,14,0,6
זרזיר,2234,427,0,1372,0,0,2,34,0,0,0,29,116,1,85,59,1,1,4,38,26,1,5,3,0,1,29
זרחיה,355,2,3,0,0,0,0,77,0,0,0,0,17,0,145,2,0,0,0,1,3,0,0,0,40,0,65
ח'ואלד (שבט),69,12,0,43,0,0,0,2,0,0,0,0,1,1,2,0,0,0,0,2,0,0,0,0,2,0,4
ח'ואלד,144,42,0,87,0,0,0,0,0,0,0,0,4,1,1,1,0,0,0,3,4,0,0,0,0,0,1
חבצלת השרון,219,97,3,0,0,0,0,10,0,0,0,0,17,1,29,18,0,0,0,0,33,0,0,2,5,0,4
חבר,167,34,0,0,0,0,0,18,0,0,0,0,14,9,57,2,0,0,0,0,20,0,0,3,3,0,7
חברון,231,2,0,0,0,0,0,90,0,0,0,0,5,0,16,0,0,0,0,0,2,0,0,1,114,0,1
חגור,560,196,0,1,0,0,0,36,0,0,0,0,40,8,120,29,1,0,0,0,112,0,0,5,4,0,8
חגי,225,0,0,0,0,0,0,126,0,0,0,0,0,0,34,0,0,0,0,0,0,0,1,0,64,0,0
חגלה,378,231,0,0,0,0,0,12,0,0,0,0,19,1,18,47,0,0,0,0,41,0,0,7,0,1,1
חד-נס,419,108,0,0,0,0,0,45,0,0,0,0,41,6,107,14,0,0,0,0,76,0,0,17,1,2,2
חדיד,467,45,25,0,0,0,0,62,0,0,0,0,91,3,153,4,2,0,0,0,32,0,0,4,19,0,27
חדרה,44726,7093,756,138,1,4,12,2253,1,4,0,3,7044,3747,14386,866,14,6,6,11,4396,9,25,529,623,34,2765
חולדה,431,227,1,2,0,0,0,18,1,0,0,0,19,1,45,38,0,0,0,0,72,0,2,2,3,0,0
חולון,102064,20535,631,91,7,4,13,4959,18,2,0,3,12230,5601,31833,2173,24,10,19,4,12760,20,62,1112,1842,65,8046
חולית,81,31,0,0,0,0,0,8,0,0,0,0,11,2,7,5,0,0,0,0,11,0,0,3,1,0,2
חולתה,296,190,0,0,0,0,0,20,0,0,0,0,10,0,12,27,0,0,0,0,23,0,1,5,8,0,0
חוסן,492,78,1,0,0,0,0,33,0,0,0,0,51,16,226,7,0,0,0,0,24,0,0,6,0,0,50
חוסנייה,263,1,0,250,0,0,0,0,0,0,0,0,1,0,0,7,0,0,0,1,0,0,0,0,0,0,3
חופית,551,315,2,2,0,0,0,8,0,0,0,0,20,3,43,70,0,0,0,0,82,0,0,4,0,0,2
חוקוק,280,152,0,4,0,0,0,7,0,0,0,0,10,5,20,52,0,0,0,0,21,0,0,8,0,1,0
חורה,3064,118,0,2794,0,1,1,4,0,0,0,2,10,6,23,33,0,0,2,35,1,2,3,3,3,5,18
חורפיש,2145,345,0,199,0,0,1,121,1,0,0,0,539,324,200,60,0,0,0,3,131,0,2,5,81,0,133
חורשים,184,69,1,1,0,0,0,12,0,0,0,0,4,2,14,52,1,0,0,0,26,0,0,1,1,0,0
חזון,214,7,22,0,0,0,0,24,0,0,0,0,8,5,114,1,0,0,0,0,5,0,0,0,8,0,20
חיבת ציון,344,133,2,0,0,0,0,50,0,0,0,0,26,1,47,27,3,0,0,0,42,0,0,5,4,0,4
חיננית,502,12,0,0,0,0,0,219,0,0,0,0,20,129,82,1,0,0,0,0,8,0,0,2,25,0,4
חיפה,149560,37805,4894,12363,24,10,15,8032,14,8,0,13,12697,12010,31025,6783,55,12,16,103,16826,40,87,1596,1648,142,3342
חירות,714,442,0,1,0,0,0,15,0,0,0,0,30,6,36,75,0,0,0,0,101,0,0,4,1,0,3
חלוץ,231,122,0,0,0,0,0,2,0,0,0,0,4,3,18,51,0,0,0,0,30,0,0,0,1,0,0
חלמיש,629,0,6,0,0,0,0,387,0,0,0,0,3,4,140,1,2,0,0,0,4,0,0,2,72,0,8
חלץ,248,24,2,0,0,0,0,17,0,0,0,0,60,0,105,0,0,0,0,0,4,0,0,3,11,0,22
חמאם,501,50,1,364,0,0,0,3,0,0,0,34,8,2,2,12,0,0,0,11,5,0,0,0,0,0,9
חמד,453,16,23,0,0,0,0,249,0,0,0,0,17,1,67,3,3,0,0,0,27,0,0,3,23,0,21
חמדיה,226,119,0,0,0,0,0,10,0,0,0,0,9,4,38,10,0,0,0,0,28,0,0,6,0,0,2
חמרה,93,24,1,0,0,0,0,10,0,0,0,0,10,0,33,3,0,0,0,0,7,0,0,1,4,0,0
חניאל,482,246,0,1,0,0,0,13,0,0,0,0,43,7,48,36,0,0,0,0,81,0,3,2,2,0,0
חניתה,456,264,0,0,0,0,0,11,0,0,0,0,23,4,22,77,0,0,0,0,44,0,0,10,0,0,1
חנתון,332,139,0,1,0,0,0,26,0,0,0,0,16,5,45,33,0,0,0,0,59,0,0,6,1,0,1
חספין,576,3,2,0,0,0,0,425,0,0,0,0,3,2,65,1,0,0,0,0,3,0,0,0,65,0,7
חפץ חיים,281,1,12,0,0,0,0,156,0,0,0,0,4,0,66,1,1,0,0,0,5,0,0,1,30,0,4
חפצי-בה,303,188,0,1,0,0,0,3,0,0,0,0,15,0,25,28,2,0,0,0,32,0,2,5,0,1,1
חצב,617,132,1,1,0,0,0,42,0,0,0,0,141,9,201,6,1,0,0,0,43,0,0,9,21,0,10
חצבה,362,226,0,0,0,0,0,24,0,0,0,0,22,2,28,22,1,0,0,0,25,1,0,8,1,1,1
חצור הגלילית,4873,295,699,4,0,0,0,303,1,0,0,1,327,264,2156,10,1,0,0,1,105,1,5,49,167,3,481
חצור-אשדוד,446,209,0,1,0,0,0,1,0,0,0,0,14,1,9,175,0,0,0,0,32,0,0,4,0,0,0
חצרים,586,408,0,0,0,0,0,4,0,0,0,0,14,6,20,87,0,0,0,0,42,0,0,4,0,0,1
חרב לאת,415,188,1,0,0,0,0,26,0,0,0,0,34,0,58,32,0,0,0,0,67,0,0,5,4,0,0
חרוצים,447,143,1,0,0,0,0,31,1,0,0,0,51,9,111,33,1,0,1,0,47,0,0,3,4,1,10
חריש,413,44,8,11,0,0,0,59,0,0,0,0,25,29,102,6,1,0,0,3,16,0,9,5,61,0,34
חרמש,121,14,0,0,0,0,0,13,0,0,0,0,15,29,28,1,0,0,0,0,13,0,0,4,3,0,1
חרשים,143,66,3,4,0,0,0,1,0,0,0,0,3,0,1,60,0,0,0,0,3,0,0,2,0,0,0
חשמונאים,1736,18,46,2,0,0,0,865,0,0,0,0,46,5,480,8,0,0,0,0,13,0,0,13,164,1,75
טבריה,20219,1520,719,26,2,1,4,983,1,0,0,1,1772,1240,9005,99,3,2,0,2,931,1,15,170,682,3,3037
טובא-זנגריה,1780,151,18,1368,1,0,1,1,0,1,0,4,17,2,62,79,0,0,1,42,3,0,5,0,3,2,19
טורעאן,5273,109,0,4916,0,1,0,6,1,1,0,3,18,26,31,109,0,0,2,13,4,0,1,3,4,1,24
טייבה (בעמק),619,41,0,515,0,0,4,0,0,0,0,0,1,0,5,24,0,0,1,24,0,0,1,0,0,0,3
טייבה,17965,165,1,17178,1,2,1,14,3,2,0,22,10,10,48,304,2,1,3,103,18,2,3,14,6,0,52
טירה,11611,121,3,11028,0,2,2,7,0,1,0,1,14,2,19,332,0,0,2,42,16,0,4,6,1,4,4
טירת יהודה,608,17,9,0,0,0,0,200,0,0,0,0,87,1,214,7,1,0,0,0,17,0,1,1,34,0,19
טירת כרמל,10577,948,86,12,1,1,1,625,1,1,0,0,1546,530,4826,67,1,5,1,0,473,1,14,98,184,4,1151
טירת צבי,415,30,2,0,0,0,0,233,0,0,0,0,15,2,82,5,0,0,0,0,34,0,0,4,8,0,0
טל שחר,568,282,0,1,0,0,0,16,0,0,0,0,39,5,77,57,0,0,0,0,78,0,0,6,5,1,1
טל-אל,608,216,0,1,0,0,0,31,0,0,0,0,52,23,118,28,0,0,0,0,127,0,1,3,2,1,5
טללים,141,58,0,0,0,0,0,9,0,0,0,0,6,2,28,14,0,0,0,0,19,0,0,5,0,0,0
טלמון,1357,1,13,0,0,0,0,869,0,0,0,0,1,0,106,0,1,0,0,0,2,0,0,2,353,0,9
טמרה (יזרעאל),717,11,0,619,0,0,0,0,0,0,0,0,0,1,1,55,0,0,0,0,0,0,0,0,0,0,30
טמרה,15911,161,4,14962,0,0,10,1,0,0,0,259,9,3,59,202,1,0,5,48,91,1,5,1,6,2,81
טנא,362,41,1,1,0,0,0,116,0,0,0,0,27,15,79,2,0,0,0,0,38,0,0,2,38,0,2
טפחות,188,1,5,0,0,0,0,63,0,0,0,0,10,2,87,0,0,0,0,0,2,0,0,0,10,0,8
יאנוח-ג'ת,2142,254,0,119,0,0,0,5,1,0,0,0,530,599,257,5,0,0,0,2,56,0,2,5,58,1,248
יבול,179,69,1,0,0,0,0,29,0,0,0,0,10,2,15,13,1,0,1,0,17,0,0,1,19,0,1
יבנאל,1771,197,36,3,0,0,0,103,0,0,0,0,116,13,373,30,1,0,0,0,103,0,1,23,98,3,671
יבנה,21895,3897,171,7,2,2,2,1394,3,1,0,0,2415,674,7563,386,11,2,7,0,2454,1,12,257,1150,11,1473
יגור,890,637,0,1,0,0,0,27,0,0,0,0,33,5,28,68,0,0,0,0,71,0,0,14,1,4,1
יגל,457,56,11,0,4,0,1,16,0,1,0,0,48,0,243,7,0,0,0,0,18,0,0,0,17,0,35
יד בנימין,1478,4,53,0,0,0,0,614,0,0,0,0,12,2,158,0,1,0,1,0,10,0,0,7,585,0,31
יד חנה,391,144,1,3,0,0,0,8,0,0,0,0,26,10,76,53,0,0,0,0,63,0,1,4,0,0,2
יד מרדכי,477,198,1,0,0,0,0,10,0,0,0,0,17,5,16,169,0,0,0,0,56,0,0,5,0,0,0
יד נתן,294,118,1,0,0,0,0,12,0,0,0,0,32,6,41,14,0,0,0,0,54,0,0,13,0,0,3
"יד רמב""ם",608,49,3,0,0,0,0,48,0,0,0,0,101,4,268,5,0,0,0,0,45,0,1,5,10,0,69
יהוד-מונוסון,16614,4478,137,14,0,2,6,925,1,1,0,1,1824,368,4931,599,4,2,3,1,2325,2,16,222,254,14,484
יהל,102,56,0,0,0,0,0,3,0,0,0,0,7,3,7,5,1,0,0,0,16,0,1,1,0,2,0
יובל,354,116,3,0,0,0,0,22,0,0,0,0,49,3,85,13,2,0,0,0,27,0,2,12,3,0,17
יובלים,777,447,2,5,0,0,0,22,0,0,0,0,24,5,30,122,0,0,0,0,114,0,0,5,1,0,0
יודפת,373,224,0,5,0,0,0,10,0,0,0,0,5,1,14,84,0,0,0,0,18,0,0,5,5,0,2
יונתן,233,8,2,0,0,0,0,143,0,0,0,0,10,0,47,0,0,0,0,0,11,0,0,3,9,0,0
יושיביה,239,3,4,0,0,0,0,20,0,0,0,0,9,1,91,0,0,0,0,0,0,0,0,1,69,0,41
יזרעאל,351,235,0,1,0,0,0,9,0,0,0,0,9,7,11,44,0,0,0,0,30,0,0,4,1,0,0
יחיעם,325,176,0,1,0,0,0,8,0,0,0,0,11,5,18,73,0,0,0,0,29,0,0,2,1,1,0
יטבתה,404,273,1,0,0,0,0,10,0,0,0,0,10,2,12,58,1,0,0,0,27,0,0,9,0,1,0
"ייט""ב",137,0,2,0,0,0,0,49,0,0,0,0,4,52,11,0,0,0,0,0,0,0,0,4,15,0,0
יכיני,350,20,1,0,0,0,0,20,0,0,0,0,35,1,221,4,0,0,0,0,3,0,0,0,21,0,24
ינוב,460,107,1,2,0,0,0,30,0,0,0,0,54,2,142,18,0,0,0,0,58,0,0,11,31,0,4
ינון,633,71,2,54,1,0,0,47,1,0,0,0,75,11,270,3,0,0,1,1,29,0,0,11,31,0,25
יסוד המעלה,855,356,2,0,0,0,0,73,0,0,0,0,57,11,157,39,1,0,0,0,122,0,0,15,17,2,3
יסודות,271,0,249,0,0,0,0,7,0,0,0,0,1,0,1,0,0,0,0,0,0,0,0,0,9,0,4
יסעור,311,147,0,1,0,0,0,12,0,0,0,0,12,1,18,71,0,0,0,0,46,0,0,3,0,0,0
יעד,414,239,0,4,0,0,0,12,0,0,0,0,15,2,5,88,0,0,0,0,47,0,0,2,0,0,0
יעף,124,43,0,1,0,0,0,2,0,0,0,0,13,0,24,15,0,0,0,0,23,0,0,1,2,0,0
יערה,378,38,3,11,0,0,0,15,0,0,0,0,27,12,121,13,0,0,0,0,20,0,0,3,5,0,110
יפיע,7412,277,6,6600,1,1,2,3,1,0,0,11,27,17,202,151,1,2,4,45,12,6,9,3,8,2,21
יפית,82,13,0,1,0,0,0,17,0,0,0,0,10,0,26,1,0,0,0,0,6,0,0,3,2,0,3
יפעת,552,358,0,0,0,0,0,6,0,0,0,0,22,5,34,55,0,0,0,1,60,0,0,7,2,0,2
יפתח,351,250,0,0,0,0,0,6,0,0,0,0,8,9,17,29,0,0,0,1,23,0,0,8,0,0,0
יצהר,448,0,6,1,0,0,0,90,0,0,0,0,1,0,8,0,0,0,2,0,1,0,0,4,332,0,3
יציץ,392,36,1,0,0,0,0,24,0,0,0,0,70,1,196,11,0,0,1,0,18,0,0,5,12,0,17
יקום,407,223,0,0,0,0,0,5,0,0,0,0,7,1,8,124,0,0,0,0,31,0,0,8,0,0,0
יקיר,824,5,5,0,0,0,0,532,0,0,0,0,11,1,194,2,0,0,0,0,5,0,0,5,62,0,2
יקנעם (מושבה),757,419,1,1,0,0,0,34,0,0,0,0,40,2,38,79,1,0,0,0,125,0,0,9,4,0,4
יקנעם עילית,11034,1921,88,5,1,1,2,706,3,1,0,0,1390,1209,3444,188,6,2,2,1,1403,3,7,109,130,12,400
יראון,221,149,0,0,0,0,0,3,0,0,0,0,9,7,9,21,0,0,1,0,17,0,0,5,0,0,0
ירדנה,195,30,1,0,0,0,0,21,0,0,0,0,31,2,88,3,0,0,0,0,4,0,0,3,0,0,12
ירוחם,4121,333,308,31,0,0,2,465,2,0,0,0,328,316,1345,49,5,0,1,4,132,1,1,73,101,4,620
ירושלים,255286,24696,53948,3148,10,26,17,21266,19,4,0,7,11949,6032,61874,10166,253,16,54,215,10752,37,148,1619,18330,121,30579
ירחיב,503,75,4,0,0,0,1,33,0,0,0,0,80,4,226,11,0,0,0,0,35,0,0,11,5,0,18
ירכא,6025,685,0,2226,0,0,0,10,0,0,0,2,316,658,261,56,1,1,2,16,123,2,9,53,797,2,805
ירקונה,234,132,0,1,0,0,0,5,0,0,0,0,5,2,27,36,0,0,0,0,22,0,0,1,2,0,1
ישע,188,70,1,0,0,0,0,21,0,0,0,0,9,2,44,8,0,0,0,0,29,0,0,3,0,0,1
ישעי,399,14,12,0,0,0,0,48,0,0,0,0,7,0,190,0,0,0,0,0,7,0,0,2,35,0,84
ישרש,508,77,4,0,0,0,0,31,0,0,0,0,98,7,193,9,0,0,0,0,48,0,0,8,4,0,29
יתד,178,38,0,0,0,0,0,22,0,0,0,0,19,2,57,4,0,0,0,0,7,0,0,9,20,0,0
כאבול,5736,20,0,5625,0,1,1,0,0,0,0,4,3,0,12,34,0,0,0,9,0,0,0,5,9,0,13
כאוכב אבו אל-היג',1758,2,0,1713,0,0,0,2,0,0,0,0,4,0,2,29,0,0,0,4,0,0,1,0,0,0,1
כברי,609,400,2,3,0,0,0,17,0,0,0,0,29,3,24,69,0,0,0,0,56,0,0,5,0,0,1
כדיתה,65,10,7,0,0,0,0,7,0,0,0,0,5,1,5,11,1,0,0,0,0,0,0,9,8,0,1
כוכב השחר,871,0,1,0,0,0,0,494,0,0,0,0,5,1,74,1,0,0,0,0,0,0,0,7,285,0,3
כוכב יאיר,6075,2405,13,4,0,0,0,587,0,0,0,0,332,121,1049,412,2,0,0,0,1023,1,1,68,30,2,25
כוכב יעקב,2684,5,276,0,0,0,1,419,0,0,0,0,11,4,248,2,1,0,2,0,2,0,2,9,854,0,848
כוכב מיכאל,493,242,1,0,0,0,0,19,0,1,0,0,29,7,44,18,0,0,0,0,120,0,0,10,0,1,1
כורזים,233,110,2,0,0,0,0,8,0,0,0,0,22,3,21,26,0,0,0,0,32,0,0,6,3,0,0
כחל,221,108,0,1,0,0,0,11,0,0,0,0,14,1,19,21,0,0,0,0,40,0,0,5,0,0,1
כיסופים,154,104,0,1,0,0,0,3,0,0,0,0,6,1,9,7,0,0,0,0,13,0,0,7,3,0,0
כישור,84,44,1,1,0,0,0,2,0,0,0,0,3,1,7,13,1,0,1,0,7,0,0,0,0,1,2
כליל,280,119,0,9,0,0,0,4,0,0,0,0,7,1,7,115,0,0,0,0,12,0,0,2,3,1,0
כלנית,131,0,8,0,0,0,0,11,0,0,0,0,6,0,85,0,0,0,1,0,1,0,0,1,15,0,3
כמאנה,546,22,0,473,0,0,0,2,0,0,0,0,1,0,5,2,0,0,0,8,1,0,0,1,1,0,30
כמהין,134,41,0,0,0,0,0,17,0,0,0,0,15,5,13,21,0,0,0,0,9,0,0,8,5,0,0
כמון,386,214,1,3,0,0,0,19,0,0,0,0,14,1,20,61,1,0,1,1,44,0,0,4,0,0,2
כנף,191,52,0,0,0,0,1,32,0,0,0,0,11,2,17,8,0,0,0,0,60,0,0,8,0,0,0
כנרת (מושבה),354,129,1,0,0,0,3,16,0,0,0,0,34,2,84,15,0,0,0,0,56,0,0,10,3,1,0
כנרת (קבוצה),438,277,2,1,0,0,0,16,0,0,0,0,25,6,44,18,0,0,0,0,36,0,0,13,0,0,0
כסיפה,3193,146,1,2588,0,0,0,6,2,0,0,28,160,1,56,39,4,0,1,51,50,3,5,4,12,2,34
כסלון,215,18,3,0,0,0,0,10,0,0,0,0,11,0,99,10,0,0,0,0,4,0,0,1,9,0,50
כסרא-סמיע,3202,632,1,168,0,1,0,44,0,0,0,1,209,1322,361,63,0,0,0,1,143,1,1,4,172,1,77
כעביה-טבאש-חג'אג',1429,263,0,934,1,0,0,1,1,1,0,39,24,4,23,25,0,0,1,26,23,0,2,1,1,1,58
כפר אביב,416,182,8,0,0,0,0,18,0,0,0,0,29,4,73,22,0,0,0,1,69,0,0,6,2,1,1
כפר אדומים,1681,118,7,0,0,0,0,601,0,0,0,0,100,24,619,11,8,0,0,0,111,0,1,17,60,0,4
כפר אוריה,402,148,0,2,0,0,0,18,0,0,0,0,37,0,94,53,1,0,0,0,37,0,0,3,2,0,7
כפר אחים,384,99,2,0,0,0,0,23,0,0,0,0,43,6,119,9,0,0,0,0,65,0,0,4,9,1,4
כפר ביאליק,317,148,1,0,0,0,0,22,0,0,0,0,22,5,50,17,0,0,0,0,50,0,0,2,0,0,0
"כפר ביל""ו",680,392,2,0,0,0,0,23,0,0,0,0,30,2,65,50,0,0,0,0,94,0,0,16,3,0,3
כפר בלום,451,244,0,0,0,0,0,16,0,0,0,0,37,12,46,45,1,0,0,0,43,0,0,5,0,0,2
כפר בן נון,381,126,0,0,0,0,0,7,0,0,0,0,35,3,69,62,0,0,0,0,69,0,1,5,2,0,2
כפר ברא,1448,9,0,1328,0,0,0,0,0,1,0,5,0,1,5,88,0,0,0,9,0,0,0,1,0,0,1
כפר ברוך,256,104,0,0,0,0,0,10,0,0,0,0,23,6,57,7,0,0,0,0,36,0,0,8,4,0,1
כפר גדעון,130,4,41,0,0,0,0,13,0,0,0,0,7,2,11,1,2,0,0,0,9,0,0,0,22,0,18
כפר גלים,59,11,0,0,0,0,0,2,0,0,0,0,7,2,25,5,0,0,0,0,7,0,0,0,0,0,0
כפר גליקסון,192,121,0,0,0,0,0,2,0,0,0,0,12,1,9,27,0,0,0,0,16,0,0,3,0,1,0
כפר גלעדי,362,249,2,0,0,0,0,8,0,0,0,0,32,5,13,31,0,0,0,0,14,0,0,5,1,0,2
כפר דניאל,364,190,0,0,0,0,0,7,0,0,0,0,49,2,28,30,0,0,0,0,49,0,0,5,3,0,1
כפר האורנים,1099,440,5,0,0,0,0,66,0,0,0,0,96,5,128,71,0,1,0,0,261,0,0,10,14,0,2
כפר החורש,331,203,0,0,0,0,0,7,0,0,0,0,14,14,23,35,0,0,0,0,30,0,0,5,0,0,0
כפר המכבי,200,137,0,0,0,0,0,4,0,0,0,0,11,1,9,10,0,0,0,0,27,0,0,1,0,0,0
כפר הנגיד,590,246,2,0,0,0,0,30,0,0,0,0,48,10,96,27,0,0,0,0,104,1,1,22,2,1,0
כפר הנשיא,404,233,0,1,0,0,0,12,0,0,0,0,28,3,18,56,0,0,0,1,33,0,0,19,0,0,0
כפר הס,752,455,2,2,0,0,0,12,0,0,0,0,21,2,48,89,1,0,0,0,108,0,0,11,0,0,1
"כפר הרא""ה",599,24,3,0,0,0,0,328,0,0,0,0,21,1,135,8,0,0,0,0,26,0,0,2,42,0,9
"כפר הרי""ף",450,196,1,1,0,0,0,29,0,1,0,1,26,10,66,22,0,0,0,0,92,0,0,2,0,1,2
כפר ויתקין,1082,678,0,2,0,0,0,21,0,0,0,0,42,3,36,138,0,0,0,0,147,0,0,11,2,0,2
כפר ורבורג,597,288,0,0,0,0,0,30,0,0,0,0,46,10,69,42,0,0,0,0,92,0,0,11,4,0,5
כפר ורדים,3275,1572,4,13,0,0,1,138,1,0,0,0,223,38,373,413,2,0,1,0,433,0,1,34,16,0,12
כפר זיתים,319,27,5,0,0,0,0,35,0,0,0,0,26,1,187,0,0,0,0,0,16,0,1,0,7,0,14
"כפר חב""ד",2611,4,204,0,0,0,0,93,1,0,0,1,10,12,271,4,0,0,2,0,1,0,0,24,1954,0,30
כפר חושן,393,38,11,1,0,0,0,23,0,0,0,0,64,4,161,4,0,0,0,0,9,0,0,5,15,0,58
כפר חיטים,355,108,1,0,0,0,0,12,0,0,0,0,50,4,109,12,0,0,0,0,51,0,0,6,0,0,2
כפר חיים,326,197,0,2,0,0,0,12,0,0,0,0,9,4,23,28,0,0,0,0,47,0,0,3,1,0,0
כפר חנניה,332,72,5,0,0,0,0,39,0,0,0,0,27,4,110,14,0,0,0,0,40,0,0,6,10,0,5
כפר חסידים א',392,92,16,0,0,0,0,96,0,0,0,0,17,7,65,15,0,0,0,0,62,0,0,2,7,0,13
כפר חסידים ב',200,19,2,0,0,0,0,101,0,0,0,0,12,0,41,0,0,0,0,0,15,0,0,1,4,0,5
כפר חרוב,215,109,0,1,0,0,0,8,0,0,0,0,19,2,17,18,0,0,0,0,39,0,0,1,0,1,0
כפר טרומן,443,137,4,1,0,0,3,12,0,0,0,0,62,6,104,23,0,0,0,0,77,0,0,6,6,1,1
כפר יאסיף,5085,147,7,4517,0,0,0,15,0,0,0,1,32,71,79,165,0,0,2,7,14,1,0,10,1,1,15
כפר ידידיה,398,244,0,1,0,0,0,8,0,0,0,0,19,2,24,31,0,0,0,0,62,0,0,7,0,0,0
כפר יהושע,585,373,0,0,0,0,0,18,0,0,0,0,16,8,30,59,1,0,0,0,66,0,0,12,1,0,1
כפר יונה,10483,2568,62,5,0,0,0,607,0,0,0,0,1373,272,2931,284,3,2,1,1,1563,2,2,167,246,6,388
כפר יחזקאל,550,326,0,3,0,0,0,20,0,0,0,0,39,3,48,20,0,0,0,0,69,0,0,18,2,1,1
כפר יעבץ,374,8,11,1,0,0,0,87,0,0,0,0,43,3,162,4,0,0,0,0,4,0,0,10,13,0,28
כפר כמא,1083,578,1,144,0,1,0,5,0,0,0,0,113,1,57,98,1,0,0,16,51,1,1,10,0,0,5
כפר כנא,8757,332,0,8097,0,0,0,3,0,0,0,2,39,64,27,64,1,0,4,31,4,0,5,1,4,4,75
כפר מונש,488,276,0,1,0,0,0,8,0,0,0,0,27,2,30,56,0,0,1,0,81,0,1,3,0,2,0
כפר מימון,303,10,1,0,0,0,0,173,0,0,0,0,9,1,82,1,1,0,0,0,6,0,0,1,18,0,0
"כפר מל""ל",236,116,0,3,0,0,0,9,0,0,0,0,10,1,33,24,0,0,0,0,33,0,0,7,0,0,0
כפר מנדא,7937,572,0,6505,0,0,0,7,0,0,0,3,19,2,60,107,1,0,2,29,3,0,3,3,10,1,610
כפר מנחם,617,300,0,4,0,0,0,11,0,0,0,0,29,3,20,140,0,0,0,0,99,0,0,10,0,0,1
כפר מסריק,386,217,0,0,0,0,0,5,0,0,0,0,3,9,13,104,0,0,0,1,30,0,0,3,0,0,1
כפר מצר,916,72,0,774,0,0,0,0,0,0,0,0,5,1,31,10,0,0,1,18,1,0,1,0,0,0,2
כפר מרדכי,342,192,2,0,0,0,0,4,0,0,0,0,14,2,23,26,0,0,0,0,73,0,0,5,0,0,1
כפר נטר,561,293,0,2,0,0,0,11,0,0,0,0,34,5,60,55,0,0,0,0,94,0,0,5,1,0,1
כפר סאלד,333,228,0,1,0,0,0,8,0,0,0,0,11,1,9,40,0,0,0,0,23,0,0,12,0,0,0
כפר סבא,56477,19732,355,110,1,1,15,3148,4,4,0,2,4452,1912,12364,3380,33,6,2,1,8086,8,33,648,771,35,1374
כפר סילבר,51,11,0,0,0,0,0,8,0,0,0,0,2,2,14,5,0,0,0,0,5,0,0,1,1,0,2
כפר סירקין,671,335,1,2,0,0,0,17,0,0,0,0,40,2,83,46,0,0,0,0,125,0,0,9,5,0,6
כפר עזה,509,326,0,1,0,0,0,19,0,0,0,0,19,4,19,60,0,0,0,1,45,0,1,9,3,0,2
כפר עציון,337,12,0,0,0,0,0,211,0,0,0,0,16,1,69,4,0,0,0,0,9,0,0,3,11,0,1
כפר פינס,297,6,2,0,0,0,0,176,0,0,0,0,13,0,54,2,3,0,1,0,8,0,0,1,29,0,2
כפר קאסם,8012,101,2,6410,2,0,1,7,0,0,0,14,14,3,34,1363,1,0,2,35,1,0,4,5,4,1,8
כפר קיש,276,149,0,0,0,0,0,13,0,0,0,0,16,2,34,18,0,1,0,0,38,0,0,3,0,0,2
כפר קרע,8320,93,1,7843,0,0,1,2,0,1,0,41,125,2,26,135,0,0,2,35,1,2,0,2,0,1,7
כפר ראש הנקרה,666,360,0,0,0,0,2,27,0,0,0,0,46,6,81,35,0,0,0,0,87,0,0,10,1,2,9
כפר רוזנואלד (זרע,148,19,1,0,0,0,0,9,0,0,0,0,19,1,69,0,0,0,0,0,7,0,0,3,3,0,17
כפר רופין,268,168,0,1,0,0,0,11,0,0,0,0,10,3,15,22,0,0,0,0,31,0,0,6,1,0,0
כפר רות,156,47,2,0,0,0,0,21,0,0,0,0,29,0,17,13,0,1,0,0,23,0,0,3,0,0,0
כפר שמאי,224,14,11,0,0,0,0,33,0,1,0,0,28,2,97,1,0,0,0,0,5,0,1,1,11,0,19
כפר שמואל,432,193,1,2,0,0,0,16,0,0,0,0,33,6,56,41,1,0,0,0,73,0,1,4,0,0,5
כפר שמריהו,1198,636,6,4,0,0,0,29,0,0,0,0,40,9,157,102,0,0,0,0,194,0,0,11,8,0,2
כפר תבור,2094,852,5,6,0,0,0,144,0,0,0,0,163,28,413,96,0,0,0,2,324,0,0,22,20,3,16
כפר תפוח,371,1,2,0,0,0,0,146,0,0,0,0,0,0,97,0,0,0,0,0,0,0,0,0,114,0,11
כרכום,335,134,2,0,0,0,0,28,0,0,0,0,30,2,56,17,0,0,0,0,57,0,0,5,0,0,4
כרם בן זמרה,288,33,5,0,0,0,0,39,0,0,0,0,28,6,127,0,1,0,0,0,15,0,0,9,3,0,22
כרם יבנה (ישיבה),147,0,12,0,0,0,0,76,0,0,0,0,0,0,4,0,0,0,0,0,0,0,0,0,55,0,0
"כרם מהר""ל",478,221,1,2,0,0,0,24,0,0,0,0,33,4,56,65,0,0,0,0,63,0,0,5,2,0,2
כרם שלום,48,18,0,2,0,0,0,6,0,0,0,0,2,1,6,6,0,0,0,0,0,0,0,6,1,0,0
כרמי יוסף,1122,584,2,2,0,0,0,40,0,0,0,0,59,11,122,129,2,0,0,0,146,0,0,11,11,1,2
כרמי צור,475,0,4,0,0,0,0,306,0,0,0,0,1,0,71,0,0,0,0,0,0,0,0,4,86,0,3
כרמיאל,24727,4328,647,318,7,3,6,1367,3,4,0,3,2150,4532,6684,435,9,3,1,15,2995,11,11,359,188,18,630
כרמיה,356,125,0,4,0,0,0,19,0,0,0,0,28,6,62,66,0,0,0,0,32,0,2,5,3,1,3
כרמים,95,40,0,0,0,0,0,19,0,0,0,0,8,0,6,13,0,0,0,0,8,0,0,1,0,0,0
כרמל,214,0,0,0,0,0,0,146,0,0,0,0,0,1,20,0,0,0,0,0,2,0,0,45,0,0,0
לבון,281,120,1,0,0,0,0,17,0,0,0,0,23,3,41,10,0,0,0,0,64,0,0,1,0,0,1
לביא,386,28,1,0,0,0,0,214,0,0,0,0,9,2,86,3,1,0,1,0,17,0,0,1,19,1,3
לבנים,222,65,1,1,0,0,0,21,0,0,0,0,24,6,57,10,0,0,0,0,31,0,0,4,0,0,2
להב,289,140,0,3,0,0,0,4,0,1,0,0,10,1,7,80,0,0,0,0,30,0,0,10,1,1,1
להבות הבשן,461,185,1,7,0,0,0,17,0,0,0,0,16,9,34,139,0,0,0,0,44,0,0,6,0,1,2
להבות חביבה,382,218,0,1,0,0,1,6,0,0,0,0,19,8,11,70,0,0,0,0,44,0,0,2,0,0,2
להבים,3704,1406,4,46,0,1,0,164,0,0,0,0,296,73,717,233,0,0,0,0,684,0,3,31,28,1,17
לוד,31916,2216,275,5155,10,4,6,2065,10,3,0,4,2472,3288,10460,284,12,8,17,70,1757,17,20,290,1444,31,1998
לוזית,276,31,17,0,0,0,0,30,0,0,0,0,15,0,105,11,0,0,0,0,15,0,0,1,9,0,42
לוחמי הגיטאות,345,236,0,0,0,0,0,7,0,0,0,0,11,6,21,27,0,0,0,1,31,0,0,3,1,0,1
לוטם,316,160,1,5,0,0,0,5,0,0,0,0,17,0,10,50,0,1,0,1,60,0,0,6,0,0,0
לוטן,83,40,0,0,0,0,0,2,0,0,0,0,2,5,4,19,0,0,0,0,10,0,0,1,0,0,0
לימן,390,130,1,0,0,0,0,34,0,0,0,0,36,6,79,6,0,0,0,0,84,0,0,8,0,0,6
לכיש,405,238,0,1,0,0,0,11,0,0,0,0,8,1,18,65,0,0,0,0,55,0,0,7,0,0,1
לפיד,1311,455,2,3,0,0,1,74,0,0,0,0,185,12,213,106,0,0,0,0,217,0,0,27,11,0,5
לפידות,93,11,0,0,0,0,0,3,0,0,0,0,26,0,23,6,0,0,0,0,5,0,0,2,0,0,17
לקיה,2650,13,0,2420,1,1,1,2,0,0,0,15,24,2,20,64,0,1,3,42,4,0,2,0,5,1,29
מאור,611,194,1,1,0,0,0,43,0,0,0,0,59,7,153,44,1,0,0,0,73,0,0,10,12,0,13
מאיר שפיה,49,15,0,0,0,0,0,2,0,0,0,0,9,1,12,8,0,0,0,0,2,0,0,0,0,0,0
מבוא ביתר,379,74,0,0,0,0,0,38,0,0,0,0,31,5,128,19,1,0,0,0,59,0,0,5,17,1,1
מבוא דותן,169,14,1,1,0,0,0,39,0,0,0,0,8,14,73,1,0,0,0,0,2,0,0,4,11,0,1
מבוא חורון,858,0,32,0,0,0,0,448,0,0,0,0,3,0,64,1,0,0,2,0,1,0,0,0,282,0,25
מבוא חמה,241,140,1,1,0,0,1,9,0,0,0,0,11,2,20,28,0,0,0,0,26,0,0,2,0,0,0
מבוא מודיעים,122,4,11,0,0,0,0,39,0,0,0,0,8,1,37,1,0,0,0,0,1,0,0,0,16,0,4
מבועים,610,131,3,0,0,0,0,48,0,0,0,0,50,10,232,13,0,0,0,0,73,0,1,9,15,0,25
מבטחים,228,35,1,0,0,0,0,19,0,0,0,0,20,3,104,2,0,0,0,0,13,0,0,4,6,0,21
מבקיעים,231,54,1,0,0,0,0,20,0,0,0,0,29,3,76,2,0,0,0,0,25,0,0,8,6,0,7
מבשרת ציון,13946,3724,74,23,1,0,1,759,1,0,0,1,1115,175,4521,1070,7,1,3,1,1518,1,3,105,301,5,536
מג'ד אל-כרום,6658,522,0,5895,0,1,0,1,0,0,0,3,7,3,11,123,2,1,4,39,8,1,3,3,3,2,26
מג'דל שמס,107,40,0,0,0,0,0,1,0,0,0,0,14,2,40,4,0,0,0,0,1,0,0,2,0,0,3
מגאר,6571,1058,4,2580,2,4,4,37,0,1,0,3,718,809,211,136,0,1,3,42,127,3,10,18,20,1,779
מגדים,609,169,4,0,0,0,0,24,0,0,0,0,63,7,165,28,0,0,0,0,71,0,2,8,40,3,25
מגדל העמק,13297,1183,158,4,1,1,2,542,0,1,0,0,984,2236,4642,71,4,6,4,2,815,5,14,125,675,13,1809
מגדל עוז,173,2,0,1,0,0,0,126,0,0,0,0,2,1,31,3,0,0,0,0,1,0,0,0,6,0,0
מגדל,856,82,11,2,0,0,0,45,0,0,0,0,66,10,397,6,0,0,1,0,35,0,0,9,53,0,139
מגדלים,93,2,0,1,0,0,0,34,0,0,0,0,3,7,26,2,0,0,0,0,4,0,0,8,6,0,0
מגידו,448,235,0,2,0,0,0,11,0,0,0,0,27,3,30,74,0,0,0,0,62,0,0,3,1,0,0
מגל,597,396,0,1,0,0,0,13,0,0,0,0,23,9,14,62,1,0,0,0,70,0,0,7,1,0,0
מגן שאול,258,45,1,0,0,0,0,12,0,0,0,0,32,4,121,5,0,0,1,0,24,0,0,2,5,0,6
מגן,337,131,0,6,0,0,0,1,0,0,0,0,8,2,10,146,0,0,0,0,29,0,0,3,1,0,0
מגשימים,482,193,1,0,0,0,1,12,0,0,0,0,36,5,93,33,0,0,1,0,90,0,0,14,2,0,1
מדרך עוז,391,70,8,0,0,0,0,39,0,0,0,0,47,17,142,7,0,0,0,0,26,0,0,8,5,0,22
מדרשת בן גוריון,733,358,2,8,0,0,0,23,0,0,0,0,30,6,55,189,0,0,0,0,48,0,1,5,5,1,2
מודיעין עילית,19866,6,15044,2,1,4,0,259,0,0,0,0,29,15,256,8,8,1,4,0,10,3,24,31,818,1,3342
מודיעין-מכבים-רעו,43830,12735,256,36,2,0,4,4630,1,1,0,0,3561,959,10025,2122,28,1,4,0,7894,5,21,443,514,41,547
מולדה,59,2,0,49,0,0,0,0,0,0,0,0,3,0,2,0,1,0,0,0,0,0,0,0,2,0,0
מולדת,548,350,1,0,0,0,0,15,0,0,0,0,25,3,35,31,0,0,0,0,76,0,0,8,1,0,3
מוצא עילית,503,235,1,4,0,0,0,20,0,0,0,0,33,7,50,88,0,0,0,0,59,0,0,3,0,1,2
מוקייבלה,1328,85,0,1205,0,0,0,1,0,1,0,0,1,0,6,15,0,0,1,8,1,0,0,1,1,0,2
מורן,235,114,0,0,0,0,0,12,0,0,0,0,15,4,18,23,0,0,0,0,41,0,0,6,0,0,2
מורשת,701,7,2,0,0,0,0,502,0,0,0,0,17,1,120,1,0,0,0,0,8,0,0,1,34,0,8
מזור,614,271,1,3,0,0,0,18,0,0,0,0,56,1,68,45,1,0,0,0,137,0,0,11,0,0,2
מזכרת בתיה,6858,2197,18,7,0,0,0,513,0,0,0,0,726,141,1638,282,6,0,0,0,1006,1,5,89,84,2,143
מזרע,475,277,1,0,0,0,0,11,0,0,0,0,10,1,7,107,0,0,0,0,49,0,0,10,0,2,0
מזרעה,2094,33,0,1898,1,0,0,0,1,0,0,0,3,1,10,122,0,0,1,4,0,0,0,0,7,0,13
מחולה,322,13,0,0,0,0,0,185,0,0,0,0,2,3,60,4,0,0,0,0,6,0,0,5,43,0,1
מחנה טלי,110,36,0,0,0,0,0,13,0,0,0,0,5,1,28,4,0,0,0,0,22,0,0,0,1,0,0
מחנה יהודית,75,21,0,0,0,0,0,4,0,0,0,0,8,3,27,1,1,0,0,0,9,0,0,0,0,0,1
מחנה יוכבד,104,31,0,0,0,0,0,14,0,0,0,0,2,4,30,4,0,0,0,0,12,0,0,1,5,0,1
מחנה יפה,176,70,0,0,0,0,0,15,0,0,0,0,10,8,34,11,1,0,0,0,25,0,0,0,0,0,2
מחנה מרים,64,17,0,0,0,0,0,4,0,0,0,0,4,0,22,3,0,0,0,0,13,0,0,0,0,0,1
מחנה עדי,121,36,0,0,0,0,0,16,0,0,0,0,12,1,28,10,0,0,0,0,18,0,0,0,0,0,0
מחנה תל נוף,164,61,0,0,0,0,0,8,0,0,0,0,15,3,38,15,0,0,0,0,23,0,0,0,0,0,1
מחניים,342,184,2,0,0,0,0,9,0,0,0,0,25,9,38,23,0,0,0,0,38,0,0,7,4,0,3
מחסיה,229,13,4,0,0,0,0,28,0,0,0,0,13,3,108,0,0,0,0,0,4,0,0,4,5,0,47
מטולה,921,358,6,2,0,0,1,55,0,0,0,0,71,28,155,68,1,0,1,0,131,0,0,28,4,6,6
מטע,391,83,3,6,0,0,0,35,0,0,0,0,28,4,147,49,0,0,0,1,23,0,0,4,1,1,6
מי עמי,188,104,0,1,0,0,0,1,0,0,0,0,13,0,7,36,0,0,0,0,23,0,0,1,1,0,1
מיטב,272,17,0,0,0,0,0,24,0,0,0,0,33,5,160,1,0,0,0,0,13,0,0,2,12,0,5
מייסר,696,9,0,672,0,0,0,0,0,0,0,0,0,0,0,12,0,0,0,0,1,0,0,0,0,2,0
מירב,251,1,0,0,0,0,0,183,0,0,0,0,2,0,41,0,0,0,0,0,13,0,0,0,8,0,3
מירון,264,3,45,0,0,0,0,85,0,0,0,0,5,2,40,0,0,0,0,0,3,0,0,1,61,1,18
מישר,375,168,0,2,0,0,0,19,0,0,0,0,19,3,53,29,0,0,0,0,75,0,1,4,2,0,0
מיתר,4387,1416,11,19,0,0,0,580,0,0,0,0,347,66,884,181,1,0,1,1,714,1,0,58,69,0,38
מכורה,81,20,0,0,0,0,0,12,0,0,0,0,12,0,22,0,0,0,0,0,10,0,0,5,0,0,0
מכחול,48,6,0,30,0,0,0,0,0,0,0,1,2,0,0,2,0,0,0,5,0,0,0,0,1,0,1
מכמורת,734,416,0,1,0,0,1,14,0,0,0,0,39,2,47,104,0,0,0,0,88,0,1,17,2,2,0
מכמנים,213,108,0,0,0,0,0,5,0,0,0,0,10,2,19,28,1,0,0,2,33,0,0,3,0,1,1
מלאה,207,20,0,0,0,0,0,21,0,0,0,0,19,2,111,0,0,0,0,0,8,0,0,0,4,0,22
מלילות,171,1,2,0,0,0,0,12,0,0,0,0,3,4,115,0,0,0,0,0,6,0,1,3,10,1,13
מלכיה,245,151,0,0,0,0,0,5,0,0,0,0,11,5,16,31,0,0,0,0,18,0,0,6,0,0,2
מנוחה,282,17,5,0,0,0,0,21,0,0,0,0,13,0,184,2,0,0,0,0,11,0,0,1,7,0,21
מנוף,416,247,1,3,0,0,0,7,0,0,0,0,14,1,11,58,0,0,0,0,73,0,0,1,0,0,0
מנות,239,41,0,0,0,0,1,12,0,0,0,0,32,4,97,6,0,0,0,0,23,0,0,9,2,0,12
מנחמיה,612,107,2,0,0,0,0,22,0,0,0,0,88,10,243,9,1,0,0,0,74,0,2,5,22,0,27
מנרה,137,92,0,0,0,0,0,0,0,0,0,0,6,6,3,19,0,0,0,0,6,0,0,5,0,0,0
מנשית זבדה,471,55,0,316,0,0,0,0,0,0,0,64,9,0,1,5,0,0,0,15,1,1,0,0,1,0,3
מסד,276,145,1,0,0,0,0,7,0,0,0,0,31,0,37,23,1,0,0,0,26,0,0,3,0,0,2
מסדה,184,117,0,2,0,0,0,6,0,0,0,0,6,5,17,10,2,0,0,0,15,0,0,4,0,0,0
מסילות,304,188,0,1,0,0,0,8,0,0,0,0,15,6,10,46,0,0,0,0,24,0,0,6,0,0,0
מסילת ציון,527,211,0,0,0,0,0,18,0,0,0,0,59,5,110,47,0,0,0,0,48,1,0,6,5,1,16
מסלול,307,86,3,0,0,0,0,14,0,0,0,0,37,10,107,4,0,0,0,0,20,0,0,1,5,0,20
מסעדה,25,12,0,2,0,0,0,4,0,0,0,0,2,1,1,1,0,0,0,0,1,0,0,1,0,0,0
מסעודין אל-עזאזמה,2649,14,1,2453,0,4,3,0,0,0,0,5,7,3,10,59,3,0,1,44,3,1,8,3,7,5,15
מעברות,581,282,0,2,0,0,0,6,0,0,0,0,9,0,16,206,0,0,0,0,48,1,1,9,0,0,1
מעגלים,746,13,3,0,0,0,0,133,0,0,0,0,22,2,356,1,0,0,0,0,7,0,0,4,156,0,49
מעגן מיכאל,1090,675,0,0,0,0,0,14,0,0,0,0,39,5,38,207,0,0,0,0,75,0,1,29,4,1,2
מעגן,206,114,0,0,0,0,0,5,1,0,0,0,14,6,16,12,0,0,0,0,20,0,0,16,0,0,2
מעוז חיים,286,208,0,1,0,0,0,4,0,0,0,0,12,3,16,14,0,0,0,0,22,0,0,5,1,0,0
מעון,204,0,0,0,1,0,0,141,0,0,0,0,0,0,11,0,0,0,0,0,0,0,0,1,50,0,0
מעונה,449,87,0,0,0,0,0,24,0,0,0,0,57,14,166,10,0,0,1,1,50,0,0,10,5,2,22
מעיליא,1745,141,0,1330,0,0,0,0,0,0,0,1,1,2,5,228,1,0,1,3,0,0,0,2,1,7,22
מעין ברוך,347,182,0,0,0,0,0,6,0,0,0,0,23,2,27,48,1,0,0,0,41,0,1,10,3,0,3
מעין צבי,442,277,1,0,0,0,0,8,0,0,0,0,24,2,22,36,0,0,0,0,67,0,0,2,1,1,1
מעלה אדומים,19860,999,289,11,1,0,1,2895,0,0,0,0,1530,1248,9472,146,13,2,2,2,1144,0,15,237,844,9,1000
מעלה אפרים,640,70,4,4,0,0,1,133,0,0,0,0,42,39,237,5,0,0,0,0,27,0,0,16,54,1,7
מעלה גלבוע,249,37,0,0,0,0,0,108,0,0,0,0,16,6,36,7,0,0,0,0,32,0,0,2,5,0,0
מעלה גמלא,252,126,0,0,0,0,0,8,0,0,0,0,25,5,22,24,1,0,0,0,36,0,0,5,0,0,0
מעלה החמישה,349,222,0,0,0,0,0,7,0,0,0,0,11,3,24,45,0,0,0,0,32,0,0,3,2,0,0
מעלה לבונה,289,0,1,1,0,0,0,137,0,0,0,0,1,3,58,0,0,0,0,0,0,0,0,1,87,0,0
מעלה מכמש,681,1,6,0,0,0,0,391,0,0,0,0,7,3,119,1,0,0,0,0,2,0,0,3,135,0,13
מעלה עירון,5554,31,3,5331,0,0,0,2,0,2,0,1,12,3,12,83,0,2,1,20,2,3,0,0,1,1,44
מעלה עמוס,158,0,71,0,0,0,0,30,0,0,0,0,0,1,8,0,0,0,0,0,0,0,0,0,32,0,16
מעלה שומרון,461,13,4,0,0,0,0,170,0,0,0,1,20,11,170,2,0,0,0,0,17,0,0,5,35,0,13
מעלות-תרשיחא,11563,977,105,2298,2,0,4,889,0,0,0,2,766,2067,2708,158,8,1,7,17,510,3,16,126,206,10,683
מענית,408,217,0,3,0,0,0,7,0,0,0,0,8,3,21,111,0,0,0,0,32,0,0,4,1,0,1
מעש,545,229,2,1,0,0,0,25,0,0,0,0,28,9,113,39,0,0,0,0,83,0,0,10,3,0,3
מפלסים,418,236,0,2,0,0,0,13,0,0,0,0,17,10,21,50,0,0,0,0,54,0,0,11,1,0,3
מצדות יהודה,249,4,0,0,0,0,0,168,0,0,0,0,5,0,27,2,0,0,0,0,0,0,0,4,37,0,2
מצובה,558,253,0,0,0,0,0,26,0,0,0,0,39,9,81,39,0,0,0,0,98,1,9,0,0,0,3
מצליח,729,121,6,0,0,0,0,30,0,0,0,0,146,10,299,9,0,0,0,0,58,0,3,6,4,0,37
"מצפה אבי""ב",492,221,0,0,0,0,0,25,0,0,0,0,40,3,41,54,0,0,0,0,105,0,0,2,0,0,1
מצפה אילן,96,0,0,1,0,0,0,72,0,0,0,0,0,0,17,0,1,0,0,0,5,0,0,0,0,0,0
מצפה יריחו,987,1,12,1,0,0,0,526,0,0,0,0,12,0,151,3,0,0,0,0,3,0,2,6,259,0,11
מצפה נטופה,439,20,3,0,0,0,0,245,0,0,0,0,18,1,86,10,1,0,0,0,29,0,1,2,23,0,0
מצפה רמון,2139,326,8,20,1,0,0,127,0,0,0,1,122,277,597,126,0,0,2,6,97,1,2,45,346,4,31
מצפה שלם,110,61,0,0,0,0,0,5,0,0,0,0,9,3,8,9,0,0,0,0,12,0,0,3,0,0,0
מצפה,101,49,0,0,0,0,0,9,0,0,0,0,7,1,15,2,0,0,0,0,14,0,0,3,1,0,0
מצר,325,160,0,0,0,0,0,2,0,0,0,0,6,1,5,135,0,0,0,0,14,0,0,1,0,1,0
מקווה ישראל,108,43,0,0,0,0,0,18,0,0,0,0,10,2,16,7,0,0,0,0,9,0,0,1,1,0,1
מרגליות,175,23,1,1,0,0,0,13,0,0,0,0,51,2,48,4,0,0,0,0,13,0,2,6,5,0,6
מרום גולן,355,175,3,1,0,0,0,27,0,0,0,0,11,5,29,14,0,0,0,0,78,0,0,12,0,0,0
מרחב עם,109,0,0,0,0,0,0,67,0,0,0,0,0,4,11,0,0,0,0,0,1,0,0,2,21,0,3
מרחביה (מושב),394,179,1,2,0,0,0,16,0,0,0,0,29,6,67,21,0,0,0,0,61,0,0,2,7,0,3
מרחביה (קיבוץ),627,239,0,0,0,0,0,25,0,1,0,0,34,25,119,84,0,0,0,0,87,0,1,8,2,0,2
מרכז שפירא,1162,19,8,0,0,0,0,604,0,0,0,0,34,3,250,4,3,0,0,0,26,0,0,6,145,1,59
משאבי שדה,317,206,1,0,0,0,0,3,0,0,0,0,12,4,22,37,1,0,0,0,18,1,0,12,0,0,0
משגב דב,366,145,0,0,0,0,0,13,0,0,0,0,23,4,70,36,0,0,0,0,62,0,0,9,3,0,1
משגב עם,164,98,0,0,0,0,0,3,0,0,0,0,7,6,7,21,0,0,0,0,12,0,0,9,0,0,1
משהד,3358,41,0,3128,0,1,0,0,0,0,0,1,53,1,24,91,0,0,0,9,0,1,0,0,1,0,7
משואה,96,8,0,1,0,0,0,25,0,0,0,0,6,1,39,1,0,0,0,0,11,0,0,4,0,0,0
משואות יצחק,393,19,0,1,0,0,0,278,0,0,0,0,9,3,38,10,1,0,0,0,20,0,0,4,9,0,1
משמר איילון,308,100,2,0,0,0,0,18,0,0,0,0,32,9,75,17,0,0,0,0,43,0,0,5,1,0,6
משמר דוד,311,132,0,3,0,0,0,8,0,0,0,0,27,1,39,24,0,0,0,0,72,0,0,2,3,0,0
משמר הירדן,348,62,2,0,0,0,0,22,0,0,0,0,33,12,160,8,0,0,0,0,30,0,0,4,8,0,7
משמר הנגב,490,323,0,0,0,0,0,7,0,0,0,0,26,4,46,36,0,0,0,0,42,1,0,4,0,1,0
משמר העמק,674,438,0,0,0,0,0,2,0,0,0,0,7,2,12,167,0,0,0,0,37,0,0,6,0,2,1
משמר השבעה,490,160,0,0,0,0,0,22,0,0,0,0,48,7,100,20,0,0,0,0,115,0,1,11,4,1,1
משמר השרון,344,259,0,1,0,0,0,3,0,0,0,0,7,1,18,26,0,0,0,0,25,0,0,3,1,0,0
משמרות,365,219,0,2,0,0,0,10,0,0,0,0,12,5,24,34,0,0,0,0,53,0,0,6,0,0,0
משמרת,504,274,1,2,0,0,0,11,0,1,0,0,25,5,39,48,0,0,0,0,92,0,0,5,1,0,0
משען,481,35,3,1,0,0,0,66,0,0,0,0,33,7,233,4,0,0,0,0,27,0,1,8,16,0,47
מתן,1824,790,4,2,1,0,0,85,0,0,0,0,104,42,257,124,0,0,0,0,374,0,1,26,4,0,10
מתת,106,29,0,3,0,0,0,3,0,0,0,0,8,2,8,42,0,0,0,0,7,1,0,2,0,0,1
מתתיהו,218,0,161,0,0,0,0,12,0,0,0,0,1,0,14,0,1,0,0,0,0,0,0,0,20,0,9
נאות גולן,253,81,2,0,0,0,0,22,0,0,0,0,31,12,32,5,0,0,0,0,51,0,0,15,0,0,2
נאות הכיכר,136,75,0,0,0,0,0,3,0,0,0,0,8,2,13,13,0,0,0,0,15,0,0,6,1,0,0
נאות מרדכי,340,201,0,2,0,0,0,22,0,0,0,0,30,3,22,21,0,0,0,0,24,0,0,13,1,0,1
נאות סמדר,201,98,0,0,0,0,0,4,0,0,0,0,6,1,24,43,0,0,0,0,12,0,0,13,0,0,0
נאעורה,770,88,0,635,0,0,0,0,0,0,0,1,1,0,1,24,0,0,0,17,0,0,0,0,0,0,3
נבטים,478,148,3,3,0,0,0,56,0,0,0,0,65,3,132,6,0,0,0,1,43,0,1,1,10,0,6
נגבה,430,251,0,0,0,0,0,11,0,0,0,0,16,4,21,57,0,1,0,0,64,0,0,4,1,0,0
נגוהות,82,0,0,0,0,0,0,59,0,0,0,0,1,0,7,0,0,0,0,0,0,0,0,0,15,0,0
נהורה,673,93,6,1,0,0,0,50,0,0,0,0,91,11,266,10,0,0,0,0,46,0,0,11,24,1,63
נהלל,518,297,0,1,0,0,0,13,0,0,0,0,17,5,55,47,0,0,0,0,73,0,0,8,1,0,1
נהריה,30540,5129,177,127,0,0,4,1866,3,6,0,2,3073,3357,10575,453,10,3,10,5,3234,3,17,399,398,41,1648
נוב,380,3,2,0,0,0,0,232,0,0,0,0,8,3,88,2,0,0,0,0,12,0,2,7,20,0,1
נוגה,277,43,1,0,0,0,0,9,0,0,0,0,50,4,142,2,0,0,0,0,8,0,0,1,9,0,8
נווה אור,217,135,0,1,0,0,0,10,0,0,0,0,10,2,14,12,0,0,0,0,22,0,0,10,0,0,1
"נווה אטי""ב",108,26,0,0,0,0,0,11,0,0,0,0,8,7,9,7,0,0,0,0,34,0,0,5,1,0,0
נווה אילן,492,196,3,0,0,0,0,21,0,0,0,0,43,2,81,46,2,0,0,0,83,0,0,7,1,1,6
נווה איתן,140,78,0,0,0,1,0,6,0,0,0,0,4,0,16,16,0,0,0,0,10,0,0,6,0,1,2
נווה דניאל,1089,11,4,0,0,0,1,691,0,0,0,0,18,2,272,1,3,0,0,0,5,0,0,5,70,0,6
נווה זוהר,40,5,0,0,0,0,0,1,0,0,0,0,7,0,14,0,0,0,0,0,4,0,0,2,2,2,3
נווה זיו,309,90,1,0,0,0,0,18,0,0,0,0,28,6,81,10,0,0,0,0,54,0,0,2,6,2,11
נווה ים,163,66,0,0,0,0,0,14,0,0,0,0,21,4,25,9,1,0,0,0,14,0,0,4,2,2,1
נווה ימין,735,115,5,0,0,0,0,33,0,0,0,0,70,21,315,11,0,0,0,0,93,0,0,23,11,0,38
נווה ירק,700,368,1,1,0,0,0,25,0,0,0,0,39,5,69,39,0,0,0,0,140,0,0,10,2,0,1
נווה מבטח,333,167,0,2,0,0,0,15,0,0,0,0,28,4,42,14,0,0,1,0,52,0,0,4,2,0,2
נווה מיכאל,278,27,4,1,0,0,0,34,0,0,0,0,31,3,128,0,0,0,0,0,7,0,0,3,14,0,26
נווה שלום,136,13,0,80,0,0,0,0,0,0,0,0,3,0,0,37,0,0,0,2,0,0,0,1,0,0,0
נווה,286,0,0,0,0,0,0,60,0,0,0,0,0,0,3,0,0,0,0,0,0,0,0,0,221,0,2
נועם,228,2,2,0,0,0,0,13,0,0,0,0,13,1,142,0,0,0,0,0,4,0,0,2,4,0,45
נוף איילון,1339,10,43,0,0,0,0,867,0,0,0,0,9,4,167,2,2,0,0,0,3,0,0,4,200,0,28
נופים,309,7,1,0,0,0,1,81,0,0,0,0,10,18,164,0,0,0,0,0,4,0,1,8,9,0,5
נופית,1551,758,4,1,0,0,0,50,0,0,0,0,92,11,192,71,0,0,0,0,350,0,0,13,7,1,1
נופך,263,52,1,0,0,0,0,13,0,0,0,0,36,6,90,12,0,0,0,0,16,0,0,4,6,0,27
נוקדים,756,12,9,1,0,0,1,296,0,0,0,0,13,119,213,2,2,0,1,0,5,0,0,8,70,0,4
נורדיה,1334,559,6,0,0,0,0,49,0,0,0,0,115,23,266,71,1,0,0,0,227,0,0,8,3,0,6
נחושה,442,7,3,0,0,0,0,215,0,0,0,0,17,1,134,5,3,0,0,0,9,0,0,3,35,0,10
נחל עוז,222,126,0,0,0,0,0,6,0,0,0,0,10,2,11,21,0,0,0,0,36,0,0,10,0,0,0
נחלה,335,62,7,0,0,0,0,23,0,0,0,0,51,2,114,1,1,0,1,0,17,0,0,2,26,0,28
נחליאל,244,0,10,0,0,0,0,27,0,0,0,0,0,1,13,0,0,0,1,0,0,0,0,0,173,0,19
נחלים,746,20,10,0,0,0,0,465,0,0,0,0,18,2,148,6,0,0,0,0,30,0,0,0,44,0,3
נחם,352,15,11,0,0,0,0,42,0,0,0,0,24,2,181,0,0,0,0,0,13,0,0,4,25,1,34
נחף,5084,28,0,4936,1,1,2,0,0,0,0,0,12,1,7,30,1,0,3,41,7,0,3,1,3,1,6
נחשולים,407,276,0,0,0,0,0,8,0,0,0,0,18,2,11,45,0,0,0,0,34,0,0,12,0,1,0
נחשון,304,126,0,1,0,0,0,1,0,0,0,0,4,0,8,136,0,0,0,0,23,0,4,0,0,0,1
נחשונים,210,110,0,0,0,0,0,4,0,0,0,0,2,0,9,65,0,0,0,0,18,0,0,2,0,0,0
נטועה,181,30,2,0,0,0,0,8,0,0,0,0,27,1,57,2,0,0,0,0,8,0,1,3,2,0,40
נטור,150,16,0,0,0,0,0,49,0,0,0,0,11,3,38,5,1,0,0,0,16,0,0,5,5,0,1
נטע,138,0,0,0,0,0,0,120,0,0,0,0,0,0,4,0,0,0,0,0,0,0,0,0,13,0,1
נטעים,380,166,1,2,0,0,0,18,0,0,0,0,23,3,53,33,0,0,0,0,74,0,0,4,1,0,2
נטף,257,109,0,1,0,0,0,4,0,0,0,0,10,0,8,100,0,0,0,1,17,0,0,4,0,3,0
ניין,887,11,0,284,0,0,1,0,0,0,0,1,5,0,5,551,0,0,0,20,1,0,0,0,0,0,8
"ניל""י",669,86,5,0,0,0,0,116,0,0,0,0,74,31,223,8,0,0,0,0,97,0,1,20,3,1,4
ניצן ב',964,18,7,0,0,0,0,300,0,0,0,0,32,11,405,1,0,0,0,0,16,0,1,10,138,0,25
ניצן,744,6,0,0,0,0,0,339,0,0,0,0,24,4,220,1,1,0,0,0,13,0,0,3,127,0,6
ניצנה (קהילת חינו,74,27,1,1,0,0,0,11,0,0,0,0,3,1,9,6,0,0,0,0,6,0,0,9,0,0,0
ניצני סיני,114,47,0,0,0,0,1,14,0,0,0,0,9,4,17,4,1,0,0,0,13,0,0,3,1,0,0
ניצני עוז,556,172,1,0,0,0,0,38,0,0,0,0,73,6,142,22,0,0,0,0,77,0,0,16,3,0,6
ניצנים,260,162,0,0,0,0,0,0,0,0,0,0,12,0,5,36,0,0,0,0,36,0,0,6,2,1,0
ניר אליהו,292,194,0,1,0,0,0,2,0,0,0,0,8,1,12,41,0,0,0,0,33,0,0,0,0,0,0
ניר בנים,431,247,2,0,0,0,0,17,0,0,0,0,30,4,40,34,0,0,0,0,47,0,1,9,0,0,0
ניר גלים,467,15,4,0,0,0,0,270,0,0,0,0,12,3,92,11,0,0,0,0,14,1,0,3,34,0,8
ניר דוד (תל עמל),444,253,0,0,0,0,0,4,0,0,0,0,2,1,8,116,0,0,0,0,40,0,0,20,0,0,0
"ניר ח""ן",261,86,0,0,0,0,0,27,0,0,0,0,36,3,59,9,0,0,0,0,32,0,0,3,3,0,3
ניר יפה,307,76,0,0,0,0,0,22,0,0,0,0,47,1,102,2,0,0,0,0,45,0,0,5,1,0,6
ניר יצחק,381,151,0,7,0,0,0,5,0,0,0,0,5,1,3,175,0,0,0,0,27,0,1,5,0,0,1
ניר ישראל,439,213,0,1,0,0,0,23,0,0,0,0,34,9,61,24,0,0,0,0,61,0,0,4,5,2,2
ניר משה,280,109,0,0,0,0,0,11,0,0,0,0,21,1,72,18,1,0,0,0,29,0,1,5,4,0,8
ניר עוז,268,121,0,2,0,0,0,6,0,0,0,0,6,1,8,93,1,0,0,0,24,0,0,5,0,0,1
ניר עם,215,124,3,0,0,0,0,5,0,0,0,0,5,0,18,26,0,0,0,0,23,0,0,10,0,0,1
ניר עציון,299,26,2,6,0,0,0,159,0,0,0,0,13,2,40,6,2,0,1,1,19,1,0,3,16,0,2
ניר עקיבא,314,77,1,0,0,0,0,40,1,0,0,0,27,1,60,12,0,0,0,0,21,0,0,2,61,0,11
ניר צבי,693,321,1,1,0,0,0,13,0,0,0,0,45,3,84,75,1,0,0,0,127,0,0,17,5,0,0
נירים,280,146,0,3,0,0,0,3,0,0,0,0,3,6,2,99,0,0,0,0,12,0,0,4,2,0,0
נירית,774,383,1,2,0,0,0,18,0,0,0,0,52,7,54,72,0,0,0,0,165,0,0,17,1,0,2
נירן,55,47,0,0,0,0,0,0,0,0,0,0,0,0,0,5,0,0,0,0,3,0,0,0,0,0,0
נס הרים,520,106,3,1,0,0,0,43,0,0,0,0,46,6,207,17,0,0,0,1,51,0,1,6,18,0,14
נס ציונה,23948,7656,173,25,2,1,6,1140,0,1,0,0,2355,550,5544,1029,13,4,2,1,4292,2,10,253,312,17,560
נעורים,79,37,0,0,0,0,0,3,0,0,0,0,8,5,14,4,0,0,0,0,6,0,0,0,0,1,1
נעלה,629,97,3,0,0,0,0,125,0,0,0,0,67,26,198,6,1,0,0,0,81,1,0,10,9,1,4
"נעמ""ה",77,25,0,0,0,0,0,6,0,0,0,0,8,2,22,2,0,0,0,0,9,0,0,2,1,0,0
נען,900,616,2,0,0,0,0,15,0,0,0,0,26,10,25,100,0,0,0,0,94,0,0,10,0,0,2
נצאצרה (שבט),147,0,0,139,0,0,0,0,0,0,0,1,0,0,1,0,0,0,0,3,0,0,1,0,0,0,2
נצר חזני,170,2,2,0,0,0,0,75,0,0,0,0,6,0,40,0,0,0,0,0,0,0,0,1,37,0,7
נצר סרני,437,316,1,0,0,0,0,6,0,0,0,0,15,1,9,38,0,0,0,0,43,0,0,3,3,0,2
נצרת עילית,22114,2269,80,3599,2,4,5,921,1,2,0,21,1618,4715,6054,350,16,6,1,30,1371,11,15,268,439,29,287
נצרת,32399,869,9,29881,4,3,0,6,2,1,0,7,136,126,343,677,4,4,10,110,70,4,9,43,12,6,63
נשר,12829,2475,95,110,2,1,1,570,0,1,0,0,1367,1569,3955,228,7,4,1,2,1671,2,7,205,76,14,466
נתיב הגדוד,105,30,0,0,0,0,0,11,0,0,0,0,14,3,25,3,0,0,0,0,12,0,0,4,3,0,0
"נתיב הל""ה",321,221,0,3,0,0,0,2,0,0,0,0,10,0,9,34,0,0,0,0,33,0,0,8,0,0,1
נתיב העשרה,500,202,0,1,0,0,0,47,0,0,0,0,35,11,81,26,0,0,0,0,78,0,0,16,2,1,0
נתיב השיירה,323,105,1,0,0,0,0,15,0,0,0,0,50,6,95,5,0,0,0,0,28,0,0,7,3,0,8
נתיבות,14603,295,1021,10,2,0,0,805,2,0,0,1,525,1068,4310,25,1,2,1,2,186,4,7,87,2836,10,3403
נתניה,105468,14575,2921,65,5,2,10,6851,6,2,0,5,11796,8424,35374,1538,24,21,14,9,11035,40,63,1089,3177,103,8319
סאג'ור,1428,338,0,21,0,0,0,29,0,0,0,0,236,324,189,8,0,1,0,1,50,1,2,4,35,0,189
סאסא,338,172,0,1,0,0,0,8,0,0,0,0,6,2,8,115,0,1,0,0,20,0,0,5,0,0,0
סביון,2396,1055,13,3,0,0,1,59,0,0,0,0,80,42,417,208,0,0,0,0,459,0,1,33,17,1,7
סגולה,324,147,1,0,0,0,0,12,0,0,0,0,32,4,59,20,0,0,0,0,37,0,0,5,1,1,5
סואעד (חמרייה),48,2,0,33,0,0,0,1,0,0,0,0,3,0,2,2,0,0,0,2,0,0,0,0,0,0,3
סולם,1324,32,2,1082,0,0,0,0,0,0,0,1,5,0,2,134,0,0,0,9,2,0,0,1,0,0,54
סוסיה,426,0,0,0,0,0,0,318,0,0,0,0,2,0,35,1,0,0,0,0,0,0,0,2,67,0,1
סופה,144,80,0,0,0,0,0,7,0,0,0,0,7,4,7,6,0,0,0,0,27,0,0,5,1,0,0
סח'נין,15182,204,6,14603,1,1,0,5,0,2,0,4,71,11,27,149,0,0,1,30,16,0,1,1,9,1,39
סייד (שבט),655,48,0,516,1,0,2,0,0,1,0,3,21,1,7,4,0,0,0,17,4,0,0,0,0,0,30
סלמה,1007,84,0,760,0,0,0,2,0,0,0,24,8,1,48,7,0,0,0,32,2,0,1,1,5,1,31
סלעית,317,148,0,1,0,0,0,11,0,0,0,0,7,1,49,18,0,0,0,0,78,0,0,4,0,0,0
סמר,192,82,0,3,0,0,0,2,0,0,0,0,6,3,14,60,0,0,1,1,8,1,0,10,1,0,0
סנסנה,145,0,0,0,0,0,0,110,0,0,0,0,2,0,22,0,0,0,0,0,1,0,0,0,9,0,1
סעד,476,76,1,0,0,0,0,230,0,0,0,0,25,2,78,12,1,0,0,0,25,0,0,8,16,0,2
סער,401,184,0,0,0,0,0,13,0,0,0,0,26,13,52,56,0,0,0,0,56,0,0,0,0,0,1
ספיר,196,66,0,0,0,0,0,20,0,0,0,0,12,7,43,11,0,0,0,0,18,0,0,14,4,0,1
סתריה,605,276,2,5,0,0,0,27,0,0,0,0,33,3,76,51,1,0,0,0,113,0,0,12,4,1,1
ע'ג'ר,684,187,6,22,0,0,1,8,0,0,0,1,205,3,169,23,1,0,0,1,1,1,2,1,30,1,21
עבדון,339,53,1,0,0,0,1,25,0,0,0,0,54,2,117,1,0,0,0,0,9,0,1,7,2,0,66
עברון,485,317,1,1,0,0,0,0,0,0,0,0,11,3,10,106,0,0,0,0,23,1,0,10,0,0,2
עגור,207,13,7,0,0,0,0,6,0,0,0,0,35,2,109,3,0,0,2,0,5,0,0,2,3,0,20
עדי,1082,433,1,0,0,0,0,51,0,0,0,0,94,14,179,38,0,0,0,0,250,0,3,12,4,0,3
עדנים,229,91,0,0,0,0,0,8,0,0,0,0,7,4,38,13,0,0,0,0,54,0,0,11,0,1,2
עוזה,292,1,12,0,0,0,0,32,0,0,0,0,24,0,130,0,0,0,0,0,1,0,0,1,47,1,43
עוזייר,932,9,1,890,0,0,0,1,0,0,0,0,5,4,3,13,0,0,0,3,0,0,0,1,1,0,1
עולש,543,238,0,0,0,0,0,34,0,0,0,0,51,2,79,22,0,0,0,0,95,0,0,9,11,0,2
עומר,4698,1782,8,21,0,0,1,259,0,0,0,0,349,81,1026,370,2,0,0,0,691,0,4,49,37,1,17
עופר,311,100,0,0,0,0,0,24,0,0,0,0,23,1,78,40,0,0,0,0,34,0,0,7,3,1,0
עופרה,1479,5,4,1,0,0,0,1051,0,0,0,1,12,4,246,1,0,0,0,0,4,0,0,12,136,0,2
עוצם,322,10,3,0,0,0,0,12,0,0,0,0,18,1,79,0,0,0,0,0,2,0,0,3,25,0,169
עוקבי (בנו עוקבה),163,0,0,145,0,0,0,1,0,0,0,0,1,0,1,12,0,0,0,2,0,0,0,0,0,0,1
עזר,497,126,1,0,0,0,0,21,0,0,0,0,86,5,111,11,0,0,0,0,88,0,1,21,13,0,13
עזריאל,451,17,8,0,0,0,0,55,0,0,0,0,58,2,242,1,0,0,0,0,14,0,0,3,40,0,11
עזריה,574,53,3,0,0,0,0,23,0,0,0,0,69,6,324,3,0,0,0,0,32,0,1,8,9,0,43
עזריקם,644,65,0,1,0,0,0,25,0,0,0,0,90,6,360,2,0,0,0,0,44,0,0,11,17,0,23
עטאוונה (שבט),57,0,0,53,0,0,0,0,0,0,0,0,0,1,2,0,0,0,0,1,0,0,0,0,0,0,0
עטרת,244,1,0,0,0,0,0,179,0,0,0,0,0,3,21,0,0,0,0,0,0,0,0,0,38,0,2
עידן,173,95,0,0,0,0,0,13,0,0,0,0,8,0,19,12,0,0,0,0,20,0,0,3,2,1,0
עיילבון,2650,359,1,1660,0,1,0,10,1,0,0,2,126,41,72,226,0,0,1,12,3,1,0,6,1,2,125
עיינות,51,18,0,0,0,0,0,3,0,0,0,0,7,0,9,4,0,0,0,0,10,0,0,0,0,0,0
עילוט,1902,115,1,1578,0,0,1,3,0,0,0,0,25,3,49,12,1,1,0,20,1,0,0,2,3,1,86
עין איילה,516,255,0,0,0,0,0,15,0,0,0,0,42,8,39,52,0,0,0,0,86,0,0,9,8,1,1
עין אל-אסד,278,50,3,11,0,0,0,1,0,0,0,0,30,76,26,7,0,0,0,0,4,0,1,8,0,0,61
עין גב,317,193,0,3,0,0,0,8,0,0,0,0,18,5,20,31,0,0,0,0,31,0,0,6,2,0,0
עין גדי,294,172,0,2,0,0,0,8,0,0,0,0,21,2,21,41,0,0,0,0,21,0,0,3,1,0,2
עין דור,583,278,0,1,0,0,0,15,1,0,0,0,38,7,16,150,0,0,0,0,56,0,0,19,1,0,1
עין הבשור,516,213,1,0,0,0,0,60,0,0,0,0,22,9,64,34,0,0,0,0,90,0,1,11,5,2,4
עין הוד,336,162,2,8,0,0,0,10,0,0,0,0,12,1,23,91,0,0,0,0,13,0,0,12,2,0,0
עין החורש,534,301,0,0,0,0,0,4,0,0,0,0,6,1,9,184,0,0,0,0,24,0,0,4,1,0,0
עין המפרץ,509,302,2,0,0,0,0,4,0,0,0,0,12,0,5,152,0,0,0,0,22,0,0,10,0,0,0
"עין הנצי""ב",333,29,0,0,0,0,0,198,0,0,0,0,8,1,51,7,1,0,0,0,23,0,0,4,11,0,0
עין העמק,416,72,1,0,0,0,0,29,0,0,0,0,51,1,196,11,0,0,0,0,28,0,0,0,4,0,23
עין השופט,540,323,0,0,0,0,0,5,0,0,0,0,11,14,13,137,0,0,0,0,18,1,0,13,1,1,3
עין השלושה,223,143,0,0,0,0,0,3,0,0,0,0,12,3,27,13,1,0,0,1,17,0,2,1,0,0,0
עין ורד,844,503,2,2,0,0,0,23,0,0,0,0,21,8,60,72,0,0,0,0,148,0,0,2,2,1,0
עין זיוון,154,68,0,0,0,0,0,9,0,0,0,0,5,6,13,8,0,0,0,0,36,0,0,8,0,1,0
עין חוד,108,0,0,87,0,0,0,1,0,0,0,0,0,0,0,1,0,0,0,3,0,0,0,0,0,0,16
עין חרוד (איחוד),410,283,1,0,0,0,1,6,0,0,0,0,12,4,29,30,20,0,0,0,18,0,0,3,3,0,0
עין חרוד (מאוחד),483,306,2,0,0,0,0,20,0,0,0,0,23,8,29,36,0,1,0,0,45,0,0,11,1,1,0
עין יהב,381,282,0,2,0,0,0,6,0,0,0,0,18,2,13,24,0,0,0,0,29,0,0,2,2,0,1
עין יעקב,469,99,1,1,0,0,0,43,0,0,0,0,47,9,170,11,0,0,0,1,24,0,0,21,7,1,34
עין כרמל,375,236,1,0,0,0,0,4,0,0,0,0,19,13,16,34,0,0,0,0,43,0,2,7,0,0,0
עין מאהל,5679,35,0,5394,0,0,0,0,0,0,0,1,3,0,35,127,1,0,1,15,1,1,3,2,0,1,59
עין נקובא,759,76,0,601,0,0,5,7,0,2,0,0,5,3,9,9,0,1,2,10,3,0,2,2,2,1,19
עין עירון,325,183,1,0,0,0,1,7,0,0,0,0,26,0,13,48,1,0,0,0,35,0,0,9,0,0,1
עין צורים,426,29,0,0,0,0,0,250,0,0,0,0,16,0,53,6,2,0,0,0,26,0,0,0,39,0,5
עין ראפה,361,44,0,299,0,0,0,2,0,0,0,0,0,0,2,9,0,0,0,0,1,0,0,3,1,0,0
עין שמר,438,212,0,2,0,0,0,10,0,0,0,0,13,4,14,139,0,0,0,0,30,0,0,13,1,0,0
עין שריד,778,227,22,0,0,0,1,32,0,0,0,0,88,6,198,60,0,1,0,0,114,0,0,7,2,1,19
עין תמר,105,38,0,0,0,0,0,9,0,0,0,0,5,5,20,1,0,0,0,0,26,0,0,1,0,0,0
עינת,444,274,0,0,0,0,0,5,0,0,0,0,15,5,19,67,0,0,0,0,49,0,0,8,2,0,0
עכו,25729,1916,139,6655,2,0,29,1109,4,1,0,4,1631,2616,7818,206,9,3,7,72,938,22,14,181,388,19,1946
עלומים,262,17,2,0,0,0,0,155,0,0,0,0,13,0,57,1,0,0,0,0,13,0,0,0,2,2,0
עלי זהב,530,8,0,0,0,0,0,321,0,0,0,0,14,12,140,0,0,0,0,0,10,0,0,1,18,0,6
עלי,1525,5,9,0,0,0,0,760,0,0,0,0,15,16,323,1,2,0,1,0,0,0,0,6,365,1,21
עלמה,412,3,9,2,0,0,0,34,0,0,0,0,39,2,272,0,0,0,0,1,4,0,0,1,14,1,30
עלמון,640,36,1,1,0,0,0,101,0,0,0,0,52,26,327,3,0,1,0,0,75,0,0,6,5,0,6
עמוקה,104,53,0,0,0,0,0,2,0,0,0,0,10,0,11,22,0,0,0,0,6,0,0,0,0,0,0
עמינדב,476,129,1,1,0,0,0,31,0,0,0,0,53,1,151,49,0,0,0,0,40,0,1,5,7,0,7
עמיעד,269,185,0,0,0,1,0,3,0,0,0,0,6,1,10,37,0,0,0,0,17,0,0,8,0,1,0
עמיעוז,143,21,2,0,0,0,0,10,0,0,0,0,7,1,54,1,0,0,0,0,12,0,1,1,5,0,28
עמיקם,363,135,0,1,0,0,0,6,0,0,0,0,59,0,42,43,0,0,0,0,65,0,0,7,3,0,2
עמיר,348,176,0,2,0,0,0,5,0,0,0,0,17,4,13,111,0,0,0,0,11,0,1,8,0,0,0
עמנואל,1380,2,395,0,0,0,0,64,0,0,0,0,3,1,79,0,2,0,0,0,1,0,5,9,360,0,459
עמקה,352,20,6,0,0,0,0,36,0,0,0,0,62,6,178,0,0,0,0,0,8,0,2,3,18,0,13
ענב,357,1,2,0,0,0,0,182,0,0,0,0,1,1,65,0,0,0,0,0,4,0,0,3,66,0,32
עספיא,4316,968,4,922,0,1,0,14,0,0,0,1,1388,450,167,162,0,0,0,21,112,4,4,42,21,1,34
עפולה,22908,2531,426,17,0,1,6,1318,1,5,0,4,1983,2509,10129,210,10,3,4,2,1605,4,18,272,456,29,1365
עץ אפרים,803,38,4,0,0,0,0,285,0,0,0,0,48,25,280,12,0,0,0,0,42,0,1,9,33,2,24
עצמון שגב,616,349,0,0,0,0,0,17,0,0,0,0,24,2,29,117,0,0,0,0,72,0,1,2,0,0,3
עראבה,10298,35,3,9973,2,0,1,1,1,0,0,3,55,2,15,47,2,1,3,26,61,0,5,6,25,0,31
עראמשה,434,131,0,259,0,0,0,2,0,0,0,3,1,0,3,13,0,0,0,11,2,0,0,0,0,1,8
ערב אל נעים,231,2,0,35,0,0,0,0,1,0,0,0,1,2,177,1,0,1,2,6,1,0,0,0,0,0,2
ערד,12297,1871,1837,96,2,0,1,526,1,0,0,3,746,1829,2764,260,5,3,2,9,1605,9,8,283,292,16,129
ערוגות,512,205,3,0,0,0,0,27,0,0,0,0,40,6,112,27,0,0,0,0,79,0,0,9,1,0,3
ערערה,7953,102,2,7653,0,0,1,4,1,1,0,16,26,2,21,72,0,0,3,26,4,1,5,3,5,1,4
ערערה-בנגב,3701,47,1,3335,2,0,2,15,0,0,0,2,36,6,39,126,0,0,3,45,6,4,2,4,8,3,15
עשרת,641,307,3,2,0,0,0,19,0,0,0,1,29,9,80,52,0,0,0,0,127,0,0,11,0,0,1
עתלית,3312,818,71,15,0,0,0,161,0,0,0,0,405,82,970,103,1,0,0,0,452,0,3,47,42,1,141
עתניאל,335,0,1,0,0,0,0,228,0,0,0,0,5,0,33,2,0,0,0,0,1,0,0,0,65,0,0
פארן,270,199,0,1,0,0,0,8,0,0,0,0,11,1,11,12,0,0,0,0,21,0,0,6,0,0,0
פדואל,684,0,0,0,0,0,0,497,0,0,0,0,2,0,84,1,0,0,1,0,2,0,0,1,90,0,6
פדויים,214,19,7,0,0,0,0,44,0,0,0,0,22,2,80,0,0,0,0,0,5,0,0,0,10,0,25
פדיה,426,41,0,0,0,0,0,37,0,0,0,0,56,5,213,2,0,0,0,0,31,0,1,0,2,0,38
פוריה - כפר עבודה,185,19,0,0,0,1,0,15,0,0,0,0,44,1,83,2,0,0,0,0,8,0,0,5,1,0,6
פוריה - נווה עובד,614,47,4,1,0,0,0,68,0,0,0,0,61,12,317,6,0,0,0,0,42,0,0,9,20,1,26
פוריה עילית,453,120,0,2,0,0,0,23,0,0,0,1,54,12,174,9,2,0,0,0,39,0,0,9,2,0,6
פוריידיס,5088,147,1,3953,0,1,1,5,0,1,0,1,20,1,479,429,0,0,1,32,5,0,1,4,1,1,4
פורת,563,15,7,1,0,0,0,35,0,0,0,0,127,1,235,2,0,0,0,0,12,0,0,13,41,0,74
פטיש,484,44,1,0,0,0,0,31,0,0,0,0,42,4,198,0,0,0,1,0,17,0,0,3,28,0,115
פלמחים,420,222,1,0,0,0,4,26,0,0,0,0,21,2,15,76,0,0,0,0,47,0,0,4,0,0,2
פני חבר,166,1,0,0,0,0,0,52,0,0,0,0,0,0,20,0,0,0,1,0,0,0,1,0,90,0,1
פסגות,825,2,1,0,0,0,0,500,0,0,0,0,1,0,122,0,1,0,0,0,2,0,0,3,189,0,4
פסוטה,1343,117,0,1013,0,0,1,1,0,0,0,0,7,8,12,159,0,0,2,7,3,0,0,5,1,0,7
"פעמי תש""ז",264,23,3,0,0,0,0,8,0,0,0,0,17,2,109,4,0,0,0,0,12,0,0,3,11,0,72
פצאל,176,36,0,0,0,0,0,38,0,0,0,0,14,1,58,0,0,0,0,0,25,0,0,4,0,0,0
פקיעין (בוקייעה),2601,316,0,791,0,0,0,1,1,0,0,0,307,794,16,50,0,0,0,3,87,0,1,11,1,1,221
פקיעין חדשה,207,19,2,0,0,0,0,7,0,0,0,0,11,0,88,0,0,0,0,0,3,0,0,1,10,0,66
פרדס חנה-כרכור,18902,5199,117,65,5,0,6,1157,1,0,0,0,1810,743,5248,1258,11,3,2,4,1900,3,14,292,212,20,832
פרדסיה,3677,1302,16,0,0,0,1,194,0,0,0,0,459,30,721,147,1,1,0,0,651,0,0,52,60,0,42
פרוד,238,140,2,1,0,0,0,11,0,0,0,0,19,0,16,22,0,0,0,0,24,0,0,0,1,2,0
פרזון,227,28,0,0,0,0,0,23,0,0,0,0,25,1,124,2,0,1,0,0,9,0,0,0,8,0,6
פרי גן,114,30,0,0,0,0,0,15,0,0,0,0,16,0,38,0,0,0,0,0,10,0,0,3,0,0,2
פתח תקווה,124410,22103,4810,85,8,7,29,13319,12,1,0,4,11846,8362,35013,2491,72,13,14,9,14661,15,65,1224,3227,74,6946
פתחיה,494,75,1,0,0,0,0,30,0,0,0,0,86,7,177,12,0,0,0,0,63,0,0,2,10,0,31
צאלים,284,158,0,1,0,0,0,5,0,0,0,0,11,11,13,44,0,0,0,0,32,0,0,8,0,0,1
צביה,179,86,0,0,0,0,0,3,0,0,0,0,10,0,6,31,0,0,1,0,40,0,0,2,0,0,0
צובה,433,307,1,1,0,0,0,9,0,0,0,0,20,1,19,28,3,0,0,0,38,1,4,1,0,0,0
צוחר,269,45,0,0,0,0,0,19,0,0,0,0,28,1,112,11,0,0,0,0,29,0,0,2,7,1,14
צופים,923,57,5,0,0,0,0,387,0,0,0,0,56,12,272,8,1,0,0,0,57,0,1,17,40,1,9
צופית,600,318,1,2,0,0,0,17,0,0,0,0,27,5,54,74,0,0,1,0,91,0,1,8,0,0,1
צופר,247,168,0,0,0,0,0,7,0,0,0,0,8,3,11,17,0,0,0,0,28,1,0,4,0,0,0
צוקי ים,124,61,1,0,0,0,0,5,0,1,0,0,3,0,21,18,1,0,0,0,11,0,0,0,2,0,0
צוקים,104,50,0,0,0,0,1,5,0,0,0,0,5,1,10,19,0,0,0,0,9,0,0,4,0,0,0
צור הדסה,2963,810,12,12,0,0,0,211,0,0,0,0,233,102,786,274,1,0,0,0,418,1,0,34,23,2,44
צור יצחק,1840,679,5,1,0,0,0,113,0,0,0,0,158,31,279,92,1,0,1,0,425,0,0,27,11,1,16
צור משה,1336,663,7,2,0,0,1,47,0,0,0,0,104,2,137,85,1,0,0,0,264,0,0,10,5,1,7
צור נתן,169,53,0,0,0,0,0,13,0,0,0,0,15,2,44,5,0,0,0,0,32,0,0,4,0,0,1
צוריאל,199,26,1,0,0,0,0,11,0,0,0,0,15,2,114,1,0,0,0,0,10,0,0,1,4,1,13
צורית,463,241,2,0,0,0,0,23,0,0,0,0,21,8,37,28,1,0,1,0,91,0,0,5,2,0,3
ציפורי,455,201,2,0,0,0,0,24,0,1,0,0,24,9,57,42,0,0,0,0,84,0,1,9,1,0,0
צלפון,430,24,3,0,0,0,0,42,0,0,0,0,53,2,235,5,0,0,0,0,17,0,0,2,19,0,28
צנדלה,744,2,0,736,0,0,0,0,0,0,0,0,0,0,1,0,1,0,0,1,0,0,1,2,0,0,0
צפריה,392,9,5,0,0,0,0,185,0,0,0,0,20,0,91,2,0,0,0,0,23,0,0,4,43,0,10
צפרירים,204,56,2,0,0,0,1,7,0,0,0,0,27,6,44,28,0,0,0,0,9,0,2,5,2,0,15
צפת,14091,672,1404,166,0,0,3,1008,1,1,0,1,663,1122,4019,63,10,2,10,8,404,1,22,158,2273,5,2075
צרופה,521,115,13,0,0,0,0,34,0,0,0,1,78,7,170,15,0,0,0,0,45,0,1,8,23,0,11
צרעה,539,346,1,15,0,0,0,9,0,0,0,0,10,0,19,91,0,0,0,2,40,0,0,6,0,0,0
קבועה (שבט),203,32,1,125,0,0,0,1,0,2,0,0,0,0,4,0,0,1,0,14,1,0,1,2,17,1,1
קבוצת יבנה,476,74,0,2,0,0,0,205,0,0,0,0,20,3,70,9,6,0,0,0,70,0,0,5,10,0,2
קדומים,2045,5,12,0,0,0,0,1332,0,0,0,0,13,14,410,2,0,0,0,0,6,0,2,3,228,0,18
קדימה-צורן,10273,3293,33,10,1,0,2,507,2,0,0,0,950,295,2108,480,4,0,0,0,1861,4,5,127,101,12,478
קדמת צבי,221,96,0,0,0,0,0,15,0,0,0,0,12,6,39,5,0,0,0,0,42,0,0,6,0,0,0
קדר,656,38,3,0,0,0,2,88,0,0,0,0,48,7,373,1,2,0,0,0,40,0,0,21,14,0,19
קדרון,866,474,4,1,0,0,0,22,0,0,0,0,50,4,57,74,0,0,0,0,156,1,2,14,2,0,5
קדרים,87,43,0,0,0,0,0,1,0,0,0,0,6,0,10,16,0,0,0,0,9,0,0,1,1,0,0
קודייראת א-צאנע(ש,382,16,0,350,0,0,0,0,0,0,0,1,0,2,0,1,0,0,0,7,0,2,0,2,1,0,0
קוואעין (שבט),309,1,0,306,0,0,0,0,0,0,0,0,0,0,0,0,0,0,0,1,0,1,0,0,0,0,0
קוממיות,134,0,130,0,0,0,0,0,0,0,0,0,0,0,0,0,0,0,0,0,0,0,0,0,4,0,0
קורנית,444,223,0,0,0,0,0,6,0,0,0,0,19,2,38,83,0,0,0,0,71,0,0,2,0,0,0
קטורה,225,110,1,3,0,0,0,8,0,0,0,0,12,12,10,45,0,0,0,0,20,0,0,4,0,0,0
קיסריה,2848,1072,4,7,0,0,0,120,0,0,0,0,190,37,649,204,0,0,0,0,487,0,1,53,11,1,12
קלחים,249,92,0,2,0,0,0,9,0,0,0,0,14,1,43,27,1,0,0,0,19,0,0,1,13,0,27
קליה,254,72,0,0,0,0,0,47,0,0,0,0,29,3,35,7,3,0,0,0,49,0,0,8,1,0,0
קלנסווה,8556,71,3,8258,1,0,0,8,0,0,0,7,13,4,42,101,0,0,2,34,3,0,4,0,1,0,4
קלע,93,33,0,0,0,0,0,6,0,0,0,0,7,6,17,2,0,0,0,1,15,0,0,6,0,0,0
קציר,1375,537,3,8,0,0,0,65,0,0,0,0,114,99,191,143,1,0,0,1,158,0,0,41,5,2,7
קצר א-סר,353,4,0,315,0,0,0,1,0,1,0,4,1,0,3,7,0,0,1,10,1,0,0,1,0,0,4
קצרין,3508,463,12,6,0,0,2,400,0,0,0,0,384,651,900,48,5,2,0,0,321,1,2,85,138,5,83
קרית אונו,20454,7208,103,32,0,0,5,1052,3,0,0,0,1797,446,4176,1223,9,4,1,2,3458,2,14,191,208,15,505
קרית ארבע,3319,30,11,1,0,0,0,1141,0,0,0,0,47,159,834,10,2,0,5,0,15,0,1,21,1006,2,34
קרית אתא,29619,4353,678,19,2,1,2,2178,9,4,0,0,3359,2519,10496,262,6,4,7,1,2654,3,17,331,801,24,1889
קרית ביאליק,22725,5715,326,13,2,0,2,900,0,2,0,0,2549,1831,6703,413,6,1,6,3,3205,7,14,273,147,19,588
קרית גת,26483,1890,1548,5,4,2,4,1350,6,3,0,1,1888,3283,10307,158,6,6,9,2,1647,5,21,231,1181,22,2904
קרית טבעון,9467,4295,130,58,0,0,4,330,0,1,0,0,613,135,1296,1120,11,7,2,0,1234,3,3,103,73,7,42
קרית ים,21063,2924,192,10,2,0,3,951,1,2,0,2,2455,3613,7245,192,4,7,2,1,2240,9,15,258,246,14,675
קרית יערים,1800,17,1248,0,0,0,0,41,0,0,0,0,13,1,79,5,2,0,0,0,3,0,3,6,141,0,241
קרית מוצקין,24233,5715,110,16,4,3,1,1430,6,2,0,1,2791,2252,6772,409,10,1,6,1,3593,5,12,278,204,28,583
קרית מלאכי,10742,606,117,4,0,0,1,756,1,2,0,0,941,257,4396,32,2,4,8,0,324,3,12,90,1706,8,1472
קרית נטפים,306,1,3,0,0,0,0,174,0,0,0,0,11,3,88,0,0,0,0,0,3,0,0,1,18,0,4
קרית ענבים,229,129,0,1,0,0,0,8,0,0,0,0,13,1,12,29,0,0,0,0,30,0,0,4,0,1,1
קרית עקרון,5747,551,42,7,1,0,2,418,1,0,0,1,809,184,2569,62,4,4,1,1,331,0,2,67,259,4,427
קרית שמונה,11236,1091,44,20,2,1,0,936,1,0,0,0,1807,1187,4367,136,6,1,5,5,428,2,10,159,213,14,801
קרני שומרון,3662,87,24,0,0,0,0,1682,0,0,0,0,99,164,1107,13,6,0,3,0,61,0,2,54,277,1,82
קשת,297,4,2,0,0,0,0,189,0,0,0,0,1,0,28,0,0,0,0,0,1,0,0,2,69,0,1
ראמה,3514,505,1,1981,0,0,0,2,0,0,0,0,261,143,195,189,0,0,1,15,26,0,2,6,3,1,183
ראס אל-עין,138,11,0,121,0,0,0,0,0,0,0,0,0,1,2,0,0,0,0,1,1,0,1,0,0,0,0
ראס עלי,202,21,0,166,0,0,0,0,0,0,0,0,0,6,3,2,0,0,0,3,0,0,0,1,0,0,0
ראש העין,23684,4526,519,19,0,1,4,1628,0,0,0,0,2558,460,8276,576,12,2,3,1,2290,1,10,281,976,21,1520
ראש פינה,1616,615,6,7,0,0,0,103,0,0,0,0,107,23,300,181,0,1,0,2,176,0,1,30,45,3,16
ראש צורים,411,3,1,1,0,0,0,315,0,0,0,0,10,1,62,0,1,0,0,0,4,0,0,1,9,1,2
ראשון לציון,137810,31492,924,86,8,3,26,7235,10,13,0,5,15780,9485,41394,2939,31,16,16,5,19953,26,68,1821,2258,121,4095
רבבה,715,0,5,0,0,0,0,546,0,0,0,0,0,1,67,0,0,0,0,0,1,0,0,1,92,0,2
רבדים,382,155,1,1,0,0,0,7,0,0,0,0,8,3,12,153,0,0,0,0,26,0,0,14,0,0,2
רביבים,451,276,0,1,0,0,1,22,1,0,0,0,21,17,23,49,1,1,0,0,28,0,0,10,0,0,0
רגבה,634,363,1,0,0,0,0,20,0,0,0,0,26,10,70,39,0,0,0,0,95,0,0,4,0,0,6
רגבים,259,164,0,1,0,0,0,5,0,0,0,0,17,2,12,39,0,0,0,0,14,0,0,2,3,0,0
רהט,15245,311,3,13512,4,5,5,25,3,2,0,96,124,16,89,568,6,11,12,201,103,10,26,11,21,13,68
רווחה,332,14,2,0,0,0,0,38,0,0,0,0,31,4,170,0,0,0,0,0,8,0,0,1,13,0,51
רוויה,150,5,5,0,0,0,0,13,0,0,0,0,26,0,68,1,0,0,1,0,1,0,0,1,1,0,28
רוחמה,301,168,0,0,0,0,0,11,0,0,0,0,7,2,5,80,0,0,0,0,25,0,0,2,0,0,1
רומאנה,493,2,0,480,0,0,0,0,0,0,0,0,1,0,1,2,0,0,1,0,6,0,0,0,0,0,0
רומת הייב,452,111,0,181,0,0,1,3,0,0,0,3,32,4,11,27,0,0,1,4,34,0,0,0,0,2,38
רועי,154,31,0,0,0,0,0,54,0,0,0,0,7,2,33,3,0,0,0,0,19,0,0,2,2,0,1
רחוב,217,10,0,0,0,0,0,10,0,0,0,0,21,4,119,0,0,0,0,0,8,0,0,4,6,0,35
רחובות,69382,14317,2487,106,2,2,12,5793,2,0,0,1,6094,3651,18859,2612,40,9,16,9,8166,12,45,712,3050,53,3332
רחלים,199,0,0,0,0,0,0,142,0,0,0,0,1,0,27,0,0,0,0,0,0,0,0,1,28,0,0
ריחאניה,493,234,0,46,0,0,0,0,0,0,0,0,92,1,7,25,0,0,0,2,79,0,1,6,0,0,0
ריחן,99,29,0,0,0,0,0,18,0,0,0,0,8,0,20,4,0,0,0,0,11,0,1,8,0,0,0
ריינה,6469,168,2,6066,2,0,0,1,0,0,0,5,44,3,75,56,0,0,1,23,4,0,4,1,2,3,9
רימונים,315,20,0,0,0,0,0,53,0,0,0,0,20,11,164,1,0,0,0,0,16,0,0,11,10,0,9
רינתיה,539,153,6,1,0,0,0,15,0,0,0,0,90,6,144,31,0,0,0,0,59,0,0,17,6,0,11
רכסים,4636,66,2011,0,0,0,0,98,0,0,0,0,71,41,357,3,0,0,1,0,58,0,0,10,166,0,1754
רם-און,456,276,3,0,0,0,0,11,0,0,0,0,29,3,41,21,3,0,0,0,64,0,0,3,0,0,2
רמות השבים,804,436,4,0,0,0,0,19,0,0,0,0,30,2,84,102,0,0,0,0,117,0,0,3,5,1,1
רמות מאיר,384,151,1,1,0,0,0,37,0,0,0,0,37,4,45,30,0,0,0,0,60,0,0,2,9,1,6
רמות מנשה,619,310,1,1,0,0,2,6,0,0,0,0,16,3,19,158,2,0,0,0,82,0,0,17,1,0,1
רמות נפתלי,303,102,3,0,0,0,0,4,0,0,0,0,45,5,78,14,0,0,0,0,30,0,1,9,7,0,5
רמות,324,171,0,1,0,0,0,9,0,0,0,0,20,3,29,12,1,0,0,0,61,0,1,14,1,1,0
רמלה,33470,2692,357,4994,7,3,6,1372,10,2,0,2,2843,1970,13325,347,5,8,11,68,1506,9,48,261,607,28,2989
רמת גן,85126,26515,834,196,5,5,16,5134,5,3,0,1,8288,2167,19542,5238,42,7,6,8,12152,8,42,978,1205,68,2661
רמת דוד,267,173,0,1,0,1,1,8,0,0,0,0,10,1,16,29,0,0,0,0,23,0,0,2,2,0,0
רמת הכובש,483,295,0,2,0,0,0,10,0,0,0,0,16,2,16,82,1,0,0,0,52,0,1,4,1,0,1
רמת השופט,494,238,0,0,0,0,0,8,0,0,0,0,28,4,25,120,1,0,0,0,66,0,0,3,0,1,0
רמת השרון,26635,11767,650,57,0,1,5,740,1,0,0,0,1606,287,4223,2392,7,0,1,4,3902,1,15,216,249,13,498
רמת יוחנן,561,380,1,1,0,0,0,20,0,0,0,0,16,8,30,53,0,0,0,0,37,0,0,13,2,0,0
רמת ישי,4196,1562,4,2,0,0,0,234,0,1,0,0,393,67,873,196,1,0,0,0,718,0,0,49,53,2,41
רמת מגשימים,352,3,1,0,0,0,0,220,0,0,0,0,5,0,75,2,1,0,0,0,4,0,0,3,37,0,1
רמת צבי,329,183,2,1,0,0,0,19,0,0,0,0,15,7,27,17,0,0,0,0,51,0,0,4,2,0,1
רמת רזיאל,334,108,2,5,0,0,2,21,0,0,0,0,23,6,59,57,0,0,1,0,38,0,0,3,5,0,4
רמת רחל,259,136,0,0,1,0,0,8,0,0,0,0,9,2,24,29,0,0,0,0,38,0,0,10,1,1,0
רנן,282,87,0,0,0,0,0,9,0,0,0,0,52,9,88,2,0,0,0,0,30,0,0,3,0,0,2
רעים,279,198,0,0,0,0,0,3,0,0,0,0,7,3,11,30,0,0,0,0,22,0,0,5,0,0,0
רעננה,42842,14117,515,47,3,4,9,4673,2,4,0,3,2884,634,9190,2345,16,5,5,4,6076,4,15,416,974,15,882
רקפת,537,278,1,2,0,0,0,21,0,0,0,0,30,2,49,56,0,0,0,0,94,0,0,1,2,1,0
רשפון,680,356,1,2,0,0,0,10,0,0,0,0,32,6,71,67,0,0,0,0,118,0,0,14,2,0,1
רשפים,310,176,0,0,0,0,0,9,0,0,0,0,10,4,9,65,0,0,0,0,24,0,0,13,0,0,0
רתמים,177,14,0,0,0,0,0,114,0,0,0,0,8,0,23,2,0,0,0,0,7,0,0,3,5,0,1
שאר ישוב,321,124,0,0,0,0,1,11,0,0,0,0,36,1,57,19,0,0,0,0,57,0,0,13,1,1,0
שבי ציון,543,253,0,1,0,0,0,25,0,0,0,0,45,2,82,29,0,0,0,0,87,0,1,12,2,0,4
שבי שומרון,408,0,6,0,0,0,0,157,0,0,0,0,3,6,106,3,0,0,0,0,2,0,0,1,120,0,4
שבלי - אום אל-גנם,2107,199,0,1756,1,1,0,4,0,1,0,4,40,31,4,25,0,0,0,23,7,0,2,1,3,2,3
שגב-שלום,1921,30,0,1679,0,0,2,4,0,1,0,3,19,2,16,89,0,1,2,28,5,0,5,2,2,1,30
שדה אילן,304,12,5,0,0,0,0,159,0,0,0,0,23,3,75,1,1,0,0,0,17,0,0,1,4,0,3
שדה אליהו,393,22,2,0,0,0,0,201,0,0,0,0,18,1,107,6,2,0,0,0,23,0,0,3,8,0,0
שדה אליעזר,451,117,3,0,0,0,0,32,0,0,0,0,46,9,142,17,0,0,0,1,54,0,3,13,10,0,4
שדה בוקר,261,172,0,0,0,0,0,5,0,0,0,0,7,6,8,34,1,0,0,0,23,0,0,5,0,0,0
שדה דוד,199,19,1,0,0,0,0,4,0,0,0,0,17,0,118,1,0,0,0,0,9,0,0,2,0,0,28
שדה ורבורג,765,413,1,0,0,0,0,20,0,0,0,0,35,5,72,95,0,0,0,0,110,0,0,14,0,0,0
שדה יואב,223,118,0,0,0,0,0,5,0,0,0,0,2,2,9,67,0,0,0,0,19,0,0,1,0,0,0
שדה יעקב,473,36,3,0,0,0,0,246,0,0,0,0,28,2,83,10,1,0,0,0,41,0,0,1,20,1,1
שדה יצחק,270,109,0,0,0,0,0,12,0,0,0,0,27,1,48,20,0,0,0,0,49,0,0,2,2,0,0
שדה משה,295,120,1,0,0,0,0,10,0,0,0,0,25,3,74,12,0,0,0,0,44,0,0,3,1,0,2
שדה נחום,267,125,0,1,0,0,1,10,0,1,0,0,21,8,30,10,0,0,0,0,53,0,0,7,0,0,0
שדה נחמיה,502,251,1,0,0,0,0,16,0,0,0,0,62,9,49,36,0,0,0,0,54,0,1,17,1,0,5
שדה ניצן,180,110,0,2,0,0,0,8,0,0,0,0,8,0,17,19,0,0,0,0,15,0,0,0,0,0,1
שדה עוזיהו,700,31,8,0,0,0,0,26,0,0,0,0,234,5,305,0,0,0,0,0,14,0,1,11,28,1,36
שדה צבי,276,58,1,0,0,0,0,13,0,0,0,0,29,4,98,16,0,0,0,0,19,0,0,4,8,0,26
שדות ים,518,344,8,3,0,0,0,14,0,0,0,0,19,2,35,44,0,0,0,1,38,0,0,7,1,2,0
שדות מיכה,195,10,2,0,0,0,0,6,0,0,0,0,29,4,80,0,0,0,0,0,1,0,0,2,8,0,53
שדי אברהם,165,74,0,0,0,0,0,15,0,0,0,0,13,2,21,4,0,0,0,0,30,0,0,4,1,0,1
שדי חמד,565,230,0,0,0,0,2,23,0,0,0,0,53,9,80,49,0,0,0,0,98,0,0,19,0,0,2
שדי תרומות,231,9,2,0,0,0,0,15,0,0,0,0,33,3,148,0,0,0,0,0,4,0,3,3,3,0,8
שדמה,278,130,0,3,0,0,0,6,0,0,0,0,15,1,30,31,1,0,0,0,56,0,0,3,0,0,2
שדמות דבורה,368,197,0,0,0,0,0,12,0,0,0,0,26,1,34,24,0,0,0,0,59,1,0,12,2,0,0
שדמות מחולה,263,1,2,0,0,0,0,198,0,0,0,0,1,0,26,1,0,0,0,0,0,0,0,4,30,0,0
שדרות,10767,806,143,18,0,0,4,1181,1,0,0,1,715,1275,4614,96,1,0,1,3,381,4,10,103,560,10,840
שואבה,337,108,4,1,0,0,0,16,0,0,0,0,28,7,74,35,0,0,0,0,52,0,0,3,4,0,5
שובה,296,4,4,0,0,0,0,40,0,0,0,0,27,2,153,0,0,0,0,0,1,0,0,3,47,0,15
שובל,388,195,0,4,0,0,0,9,0,0,0,0,5,4,20,107,0,0,0,0,41,0,0,1,2,0,0
שוהם,11130,3491,29,8,0,0,3,1252,2,0,0,0,952,97,2364,444,5,1,0,1,2129,1,4,112,117,3,115
שומרה,198,15,2,0,0,0,0,13,0,0,0,0,33,2,92,1,0,0,0,0,8,0,0,4,3,0,25
שומריה,231,0,0,0,0,0,0,91,0,0,0,0,1,0,10,0,0,0,0,0,1,0,0,0,128,0,0
שוקדה,162,0,0,0,0,0,0,48,0,1,0,0,9,1,65,0,0,0,0,0,1,0,0,1,18,0,18
שורש,647,280,2,0,1,0,0,30,0,0,0,0,47,11,113,64,0,0,0,0,89,0,0,4,2,0,4
שורשים,271,136,1,1,0,0,0,13,0,0,0,0,11,2,41,24,0,0,0,1,34,0,0,5,0,0,2
שושנת העמקים,336,66,2,0,0,0,0,19,1,0,0,0,59,1,100,9,0,0,0,0,36,0,0,13,6,1,23
שזור,197,35,5,0,0,0,0,7,0,0,0,0,27,2,100,0,0,0,0,0,10,0,0,1,1,0,9
שחר,338,83,5,0,0,0,0,15,0,0,0,0,49,5,102,12,0,0,0,0,30,0,0,4,6,0,27
שיבולים,206,2,1,0,0,0,0,35,0,0,0,0,16,5,117,1,1,0,0,1,3,1,0,1,14,0,8
שייח' דנון,1263,7,0,1125,0,0,0,1,0,0,0,0,3,9,1,95,0,0,2,4,0,0,2,8,2,2,2
שילה,1309,0,3,1,0,0,0,761,0,0,0,0,5,1,194,1,1,0,0,0,1,0,0,8,327,1,5
שילת,351,167,0,0,0,0,0,16,0,0,0,0,22,2,27,47,0,0,0,0,60,0,0,9,0,1,0
שכניה,389,187,0,0,0,0,1,29,0,0,0,0,16,3,25,47,0,0,0,0,75,0,0,4,1,0,1
שלווה,270,1,6,0,0,0,0,18,0,0,0,0,23,0,149,0,0,0,0,0,0,0,1,2,39,0,31
שלוחות,282,29,4,0,1,0,0,146,0,0,0,0,20,5,42,7,2,0,0,0,22,0,0,1,3,0,0
שלומי,3294,381,23,4,0,0,0,228,0,0,0,1,389,383,1175,34,0,0,1,0,236,1,1,51,56,4,326
שמיר,472,228,0,1,0,0,2,9,0,0,0,0,10,1,22,134,0,0,0,0,61,0,0,4,0,0,0
שמעה,211,14,0,0,0,0,0,71,0,0,0,0,14,7,62,3,0,0,0,0,11,0,0,4,22,0,3
שמרת,258,130,1,1,0,0,0,5,0,0,0,0,9,3,8,79,0,0,0,0,18,0,1,3,0,0,0
שמשית,1256,638,6,0,0,0,1,40,0,0,0,0,55,13,110,132,1,0,0,0,247,0,0,7,3,0,3
שני,220,23,0,0,0,0,0,30,0,0,0,0,21,27,73,4,0,0,0,0,20,0,1,16,4,0,1
שניר,299,163,0,0,0,0,0,6,0,0,0,0,18,1,19,42,0,0,0,0,30,1,1,13,2,2,1
שעב,3205,142,0,2880,1,0,0,2,0,1,0,0,8,17,5,84,1,0,1,4,1,1,3,3,1,0,50
שעל,170,40,0,0,0,0,0,14,0,0,0,0,23,4,39,11,0,0,0,0,24,0,0,9,4,0,2
שעלבים,526,5,20,0,0,0,0,301,0,0,0,0,4,1,60,1,5,0,0,0,0,0,0,0,120,0,9
שער אפרים,833,206,1,4,0,0,0,45,0,1,0,0,154,12,226,20,0,0,0,0,98,0,1,5,24,0,36
שער הגולן,376,202,0,3,0,0,0,4,0,0,0,0,11,8,16,85,0,0,0,0,42,0,0,5,0,0,0
שער העמקים,436,241,0,1,0,0,0,2,0,0,0,0,6,1,3,149,0,0,0,0,29,0,0,4,0,0,0
שער מנשה,12,4,0,0,0,0,0,0,0,0,0,0,1,0,5,0,0,0,0,0,0,0,0,0,0,0,2
שערי תקווה,2842,288,8,2,0,0,0,814,0,0,0,0,222,50,989,37,0,0,1,0,253,0,2,60,83,3,30
שפיים,712,528,2,3,0,0,0,4,0,0,0,0,14,2,17,76,0,0,0,0,46,0,0,19,1,0,0
שפיר,397,58,5,0,0,0,0,61,0,0,0,0,42,6,133,6,0,0,0,0,39,0,0,5,28,0,14
שפר,206,35,0,1,0,0,0,12,0,0,0,0,19,1,105,6,1,0,0,0,12,0,0,5,1,0,8
שפרעם,15025,724,7,10971,0,2,1,11,1,0,0,17,353,2040,178,503,1,0,4,53,55,0,8,27,7,8,54
שקד,395,65,0,0,0,0,0,82,0,0,0,0,55,22,120,3,0,0,0,0,27,0,0,2,11,1,7
שקף,273,83,1,1,0,0,0,51,0,0,0,0,22,3,45,12,4,0,0,0,41,0,0,6,3,0,1
שרונה,346,176,0,0,0,0,0,25,0,0,0,0,29,4,39,23,0,0,0,0,41,0,0,5,3,1,0
שריגים (לי-און),529,212,0,7,0,0,0,18,0,0,0,0,39,1,77,103,0,0,0,0,51,0,0,13,4,1,3
שריד,527,287,1,1,0,0,0,12,0,0,0,0,10,4,22,129,0,0,0,0,52,0,0,7,1,0,1
שרשרת,177,6,1,0,0,0,0,13,0,0,0,0,4,1,79,1,0,0,0,0,1,0,0,0,62,0,9
שתולה,161,26,3,2,0,0,0,21,0,0,0,0,16,1,55,5,0,0,0,0,11,0,0,2,8,1,10
שתולים,942,148,3,0,0,0,0,89,0,0,0,0,122,12,398,10,1,0,0,0,73,0,1,15,41,0,29
תאשור,175,54,1,1,0,0,0,7,0,0,0,0,17,7,41,11,0,0,0,0,24,0,0,6,1,0,5
תדהר,228,44,0,0,0,0,0,18,0,0,0,0,32,4,91,1,0,0,0,0,17,0,1,1,7,0,12
תובל,223,97,0,8,0,0,0,1,0,0,0,0,3,7,7,79,0,0,0,0,21,0,0,0,0,0,0
תומר,176,35,0,0,0,0,0,29,0,0,0,0,18,7,49,0,0,0,0,0,34,0,0,4,0,0,0
תושיה,227,0,1,0,0,0,0,99,0,0,0,0,3,0,62,1,0,0,1,0,1,0,0,0,55,0,4
תימורים,465,240,0,1,0,0,0,12,0,0,0,0,52,7,54,28,0,0,0,0,62,0,0,7,0,0,2
תירוש,215,2,4,0,0,0,0,14,0,0,0,0,12,0,92,1,0,0,0,0,4,0,0,1,9,0,76
תל אביב - יפו,261345,89567,2628,8488,9,11,75,8772,25,12,0,7,17989,5446,47526,34056,95,32,34,132,30241,105,124,2667,2906,209,10189
תל יוסף,289,185,0,0,0,0,0,14,0,0,0,0,11,1,10,23,0,0,0,0,37,0,0,5,1,0,2
תל יצחק,567,340,1,0,0,0,0,13,0,0,0,0,20,5,52,54,0,0,0,0,76,0,0,2,0,2,2
תל מונד,6232,2147,19,3,0,1,0,380,0,0,0,0,703,50,1328,232,1,1,1,0,1084,1,2,68,96,1,114
תל עדשים,612,263,2,1,0,0,0,32,0,0,0,0,41,7,111,24,0,0,0,0,116,0,0,4,8,1,2
תל קציר,201,118,0,1,0,0,0,11,0,0,0,0,13,3,19,8,0,0,0,0,20,0,0,8,0,0,0
תל שבע,3602,22,0,3253,1,1,2,10,0,0,0,2,12,3,27,138,1,0,3,52,6,1,3,3,6,2,54
תל תאומים,212,8,0,0,0,0,0,33,0,0,0,0,17,6,106,0,0,0,0,0,11,0,0,10,4,0,17
תלם,100,8,3,0,0,0,0,33,0,0,0,0,3,2,20,0,0,0,0,0,0,0,0,1,30,0,0
תלמי אליהו,157,40,2,0,0,0,0,10,0,0,0,0,14,0,48,1,1,0,0,0,17,0,0,2,8,0,14
תלמי אלעזר,433,154,0,0,0,0,0,18,0,0,0,0,35,7,98,26,1,0,0,0,81,0,0,13,0,0,0
"תלמי ביל""ו",215,21,0,0,0,0,0,22,0,0,0,0,29,5,101,1,0,0,0,0,9,0,0,5,12,0,10
תלמי יוסף,166,74,0,0,0,0,0,17,0,0,0,0,8,1,19,16,0,0,0,0,25,0,0,5,1,0,0
תלמי יחיאל,409,143,1,0,0,0,0,21,0,0,0,0,64,9,99,11,0,0,0,0,47,0,0,6,2,0,6
תלמי יפה,331,119,1,0,0,0,0,26,0,0,0,0,36,4,59,13,0,0,0,0,64,0,0,4,3,2,0
תלמים,414,5,2,0,0,0,0,40,0,0,0,0,31,1,141,1,0,0,0,0,9,0,0,1,152,0,31
תמרת,963,568,2,0,0,0,0,20,0,0,0,0,34,1,69,128,0,0,0,0,128,0,1,6,5,0,1
תנובות,452,129,2,0,0,0,0,34,0,0,0,0,66,1,127,8,0,0,0,0,44,0,0,9,19,0,13
תעוז,328,52,2,2,0,0,0,48,0,0,0,0,31,1,106,14,1,0,0,0,35,0,0,1,7,0,28
תפרח,826,2,635,0,0,0,0,4,0,0,0,0,4,0,40,2,0,0,0,0,5,0,0,3,60,0,71
תקומה,331,41,1,0,0,0,0,118,0,0,0,0,22,3,92,3,0,0,0,0,26,0,0,1,20,1,3
תקוע,1457,18,14,2,0,0,0,717,0,0,0,0,28,42,445,11,6,0,0,0,19,0,0,22,122,2,9
תראבין א-צאנע (שב,106,2,0,92,0,0,0,0,0,0,0,0,1,0,1,2,0,0,0,5,0,0,1,0,0,0,2
תראבין א-צאנע(ישו,60,1,1,49,0,0,0,1,0,0,0,0,0,0,2,0,0,0,0,3,0,0,0,0,0,0,3
תרום,409,23,4,0,0,0,0,111,0,0,0,0,26,1,163,0,0,0,0,0,13,0,1,5,24,1,37
